,titles,lyrics
0,Ditto,"['아침은 너무 멀어', '훌쩍 커버렸어', '함께한 기억처럼', '널 보는 내 마음은', '어느새 여름 지나 가을', '날 보고 웃었지만', '내 길었던 하루', '난 보고 싶어', '널 좋아한다고', '아침은 너무 멀어', '다 아는 건 아니어도', '바라던 대로', '너를 상상했지', '항상 닿아있던', '처음 느낌 그대로 난', '널 좋아한다고', '아침은 너무 멀어', '다 아는 건 아니어도', '바라던 대로']"
1,사건의 지평선,"['생각이 많은 건 말이야', '당연히 해야 할 일이야', '나에겐 우리가 지금 1순위야', '안전한 유리병을 핑계로', '바람을 가둬 둔 것 같지만', '기억나? 그날의 우리가', '잡았던 그 손엔 말이야', '설레임보다 커다란 믿음이 담겨서', '난 함박웃음을 지었지만', '울음이 날 것도 같았어', '소중한 건 언제나 두려움이니까', '문을 열면 들리던 목소리', '너로 인해 변해있던 따뜻한 공기', '여전히 자신 없지만 안녕히', '저기, 사라진 별의 자리', '아스라이 하얀 빛', '한동안은 꺼내 볼 수 있을 거야', '아낌없이 반짝인 시간은', '조금씩 옅어져 가더라도', '너와 내 맘에 살아 숨 쉴 테니', '여긴, 서로의 끝이 아닌', '새로운 길 모퉁이', '익숙함에 진심을 속이지 말자', '하나 둘 추억이 떠오르면', '많이 많이 그리워할 거야', '고마웠어요 그래도 이제는', '사건의 지평선 너머로', '솔직히 두렵기도 하지만', '노력은 우리에게 정답이 아니라서', '마지막 선물은 산뜻한 안녕', '저기, 사라진 별의 자리', '아스라이 하얀 빛', '한동안은 꺼내 볼 수 있을 거야', '아낌없이 반짝인 시간은', '조금씩 옅어져 가더라도', '너와 내 맘에 살아 숨 쉴 테니', '여긴, 서로의 끝이 아닌', '새로운 길 모퉁이', '익숙함에 진심을 속이지 말자', '하나 둘 추억이 떠오르면', '많이 많이 그리워할 거야', '고마웠어요 그래도 이제는', '사건의 지평선 너머로', '저기, 사라진 별의 자리', '아스라이 하얀 빛', '한동안은 꺼내 볼 수 있을 거야', '아낌없이 반짝인 시간은', '조금씩 옅어져 가더라도', '너와 내 맘에 살아 숨 쉴 테니', '여긴, 서로의 끝이 아닌', '새로운 길 모퉁이', '익숙함에 진심을 속이지 말자', '하나 둘 추억이 떠오르면', '많이 많이 그리워할 거야', '고마웠어요 그래도 이제는', '사건의 지평선 너머로', '사건의 지평선 너머로']"
2,Hype boy,"['(1,2,3,4)', '너도 말해줄래', '누가 내게 뭐라든', '남들과는 달라 넌', '날 믿어봐 한번', '재미없어 어쩌지', '내 지난날들은', '눈 뜨면 잊는 꿈', '눈을 감아', '잠에 들려고 잠에 들려 해도', '봐봐 여기 내 이름 써있다고', '누가 내게 뭐라든', '남들과는 달라 넌', '날 믿어봐 한번', '재미없어 어쩌지', '내 지난날들은', '눈 뜨면 잊는 꿈', '눈을 감아']"
3,ANTIFRAGILE,"['가렵지도 않아', '내 뒤에 말들이 많아', '무슨 말이 더 필요해', '무시 마 내가 걸어온 커리어', '더 높이 가줄게', '내가 바랐던 세계 젤 위에', '떨어져도 돼', '멋대로 정하네 나란 애에 대해', '뜨거운 관심은 환영', '내 미랠 쓸 나의 노래', '무슨 말이 더 필요해', '무시 마 내가 걸어온 커리어', '더 높이 가줄게', '내가 바랐던 세계 젤 위에', '떨어져도 돼', '더 높이 가줄게', '내가 바랐던 세계 젤 위에', '떨어져도 돼']"
4,NOT SORRY (Feat. pH-1) (Prod. by Slom),"['미안해', '하나도 하나도', '아무것도 미안하지가 않아서', '엄마 나 힙합 관둘게', '혼자서만 도태된 것 같애', '다들 폭죽 터트리고 벌려 축제', '진심은 전부 곡해돼', '사랑은 왜곡돼', '모든 게 다 쉽게 변해 플라스틱 같애', '철없긴 똑같지', '다 곁눈질 뿐', '원리원칙에 갇힌', '빈 깡통 덩어리 이리저리 굴러', '온 세상을 휙 뒤집어 놓지', '""스타일 바꿔 마인드 바꿔', '이참에 챙겨 눈치도""', '""다리 떨지 말고 살 좀 빼', '동네 창피스러워""', '""어깨 힘은 좀 빼""', '""어차피 니가 뱉는 구절 전부', '힙합 아니니까 밥그릇 치워""', '우리 엄마 말도 잘 안 듣던 내가', '니 말은 왜?', '차례대로 퇴장해 난 아냐', '네 오마카세', '머릿속엔 언제나', '철없게 살아도', '어쩌겠어', '미안해', '하나도 하나도', '아무것도', '미안하지가 않아서', '잘 웃으니까 내가', '참 바보 같나 봐', '나에 대해서 잘 알지도 못하면서', '뭐라도 되는 줄 아나 봐', '하지만 그건 너의 착각', '나 물어볼 게 있어', '삿대질 자격 어딨어', '날 가르쳐 들려 하지 마', '넌 왈가왈부', '할 짓 없이 그냥 말만 많구', '제발 좀 그만 나와""', '""노래도 못하면서 싱잉 하는', '복면가왕""', '""자극적이지 않아,', '괜찮아, 난 모든 일에', '내 진심을 담아', '내 무기는 두 귀를 닫은 채', '눈치 안 보기', '쉬워 보이면 너가 해봐', '적당히 맞추면서 살아가', '일일이 다 설명하기엔 내 입이 아파', '내 앞가림하기에도 난 충분히 바빠', '난 나를 속여가면서', '바뀌고 싶진 않아', '너 아니어도', '날 사랑해 주는 사람들 많아', '머릿속엔 언제나', '철없게 살아도', '어쩌겠어', '미안해', '하나도 하나도', '아무것도', '미안하지가 않아서', '그저 나답게 살아가고픈 것뿐', '내 나이 21', '길 잃은 청춘이지만', '그게 내 길이고', '우린 반의 반쪽짜리 육체를 다듬어', '당당히 날 몰아붙인', '위선과 거짓 다 깔고 기립해', '막연히 끄덕이고 조아리긴', '죽기보다 싫으니', '머릿속엔 언제나', '철없게 살아도', '어쩌겠어', '미안해', '하나도 하나도', '아무것도', '미안하지가 않아서', '미안해', '하나도 하나도', '아무것도', '미안하지가 않아서']"
5,Candy,"['사실은 오늘 너와의', '만남을 정리하고 싶어', '널 만날 거야 이런 날 이해해', '어렵게 맘 정한 거라', '네게 말할 거지만', '사실 오늘 아침에', '그냥 나 생각한 거야', '햇살에 일어나 보니', '너무나 눈부셔', '모든 게 다 변한 거야', '널 향한 마음도', '그렇지만 널 사랑 않는 게 아냐', '이제는 나를 변화시킬 테니까', '너 몰래 몰래 몰래', '다른 여자들과 비교 비교했지', '자꾸만 깨어지는 환상 속에', '혼자서 울고 있는', '초라하게 갇혀버린 나를 보았어', '하지만 아직까지 사랑하는 걸', '그래 그렇지만 내 맘속에', '너를 잊어갈 거야', '머리 위로 비친', '내 하늘 바라다보며', '널 향한 마음을 이제는 굳혔지만', '웬일인지 네게 더 다가갈수록', '우린 같은 하늘 아래 서 있었지', '단지 널 사랑해 이렇게 말했지', '이제껏 준비했던', '많은 말을 뒤로한 채', '언제나 니 옆에 있을게', '이렇게 약속을 하겠어', '저 하늘을 바라다보며', '내게 하늘이 열려있어', '그래그래 너는 내 앞에 서 있고', '그래 다른 연인들은 키스를 해', '하지만 항상 나는', '너의 뒤에 있어야만 해', '이제 그만해 나도 남잔데', '내 마음 너도 알고 있는 걸 알아', '그래 이제 나도 지쳐서', '하늘만 바라볼 수밖에', '내게 하늘이 열려있어', '그래그래 너는 내 앞에 서 있고', '그래 다른 연인들은 키스를 해', '왜 난 너의 뒤에 있어야 할까', '햇살에 일어나 보니', '너무나 눈부셔', '모든 게 다 변한 거야', '널 향한 마음도', '그렇지만 널 사랑 않는 게 아냐', '이제는 나를 변화시킬 테니까', '머리 위로 비친', '내 하늘 바라다보며', '널 향한 마음을 이제는 굳혔지만', '웬일인지 네게 더 다가갈수록', '우린 같은 하늘 아래 서 있었지', '단지 널 사랑해 이렇게 말했지', '이제껏 준비했던', '많은 말을 뒤로한 채', '언제나 니 옆에 있을게', '이렇게 약속을 하겠어', '저 하늘을 바라보며', '한 번 더 한 번 더 말했지', '이제껏 준비했던', '많은 말을 뒤로한 채', '(준비했던 많은 말을 뒤로한 채', '다시 널 사랑한다고 했지)', '언제나 니 옆에 있을게', '다신 너 혼자 아냐', '너의 곁엔 내가 있잖아']"
6,마이웨이 (MY WAY) (Prod. R.Tee),"['니가 나의 모든 걸 뺏어갔어도', '모두가 내 꿈에 바리케이드를 쳐도', '내가 나의 기름 더 불을 붙여줘', '니가 나의 모든 걸 뺏어갔어도', '모두가 내 꿈에 바리케이드를 쳐도', '내가 나의 기름 더 불을 붙여줘', '난생처음 섰던 무대엔', '낯선 얼굴 쟤 누군데?', '마이크 잡은 후엔 함', '더 묻대 쟤 누구래?', '끝내고 내려오는 기분이', '이걸 하는 가장 큰 이유 중에', '하나 앉아서 잘 봐', '서있어 무대 알아봐라 그러니', '날 부르니 또 오르지', '내 걸음이 밑 거름이,', '좋은 버릇이 든', '어린이는 돼 어른이 아닌', '얼음을 목에 걸은 애', '이빨을 드러낼 때야 씩', '반짝 허리에 감겨있는 벨트', '감쪽같은 마술은 마법이네', '밤마다 반복해서 주문을 외워', '삶을 원하다면 죽음을 배워', '난 또 빛이 나는 길 위에', '남겨져 흉터로 베여있어', '어렸을 땐 행복과는 제일 멀 던 놈', '내게 친구 옆에 있어도', '빈자린 언제나 괴롭혀', '그때의 난 어렸었네', '무시에 짓눌렸기에', '압박 속에 피어났네', '난 원해 맨 위', '그대로 더 행진', '난 원해 내일엔', '더 재수 없는 놈이 되길 바라', '됐어 타이밍', '이젠 내 형제들과 밟어', '니가 나의 모든 걸 뺏어갔어도', '모두가 내 꿈에 바리케이드를 쳐도', '내가 나의 기름 더 불을 붙여줘', '내가 나의 기름 더 불을 붙여줘', '난 여기다 내 목을 걸었어', '다시 예전으로 돌아갈 수 없어', '힘들던 그땐 신이 미웠지만', '이젠 신의 계획이 뭔지 알게 됐어', '아팠던 기억들은 던져', '친구 미안한데 이건 내가 먼저', '챙겨가야겠어', '난 아직도 갈 길이 멀어', '그렇기에 난', '포기 안 할 거라 말했고', '넘어져도 일어나 계속', '내 시작은 맨손', '반찬 팔아가며', '청춘 받쳐 날 키워준', '값진 그녀의 행복', '나 땜에 잠시 내려놨던 그 행복을', '이 손자가 돌려줄게 꼭', '난 내 놈들과 하나둘씩', '이뤄가 점점 끝없이', '우린 절대 안 져 계속 보여주지', '절대 안 될 거 같던', '꿈들을 이뤄 난 여기 있지', '아팠던 날 들을', '저 뒤로 보내고 웃자고 원 없이', '바란 대로 이뤄질 거', '같은 말은 못 믿어', '못 믿어 이제', '믿었었는데', '난 간절히 바랐던', '희망한테 배신당했거든', '근데 절망에 추락할 때도', '보여 날개를 폈던 당신의 모습', '이제 내 날갯짓을 봐줘 (날 봐줘)', '내 아버지는 꿈꾸는 걸 멈추지', '않았거든 마지막 통화를 끊고서', '그렇게 세상이 무너졌어', '나는 포기 안 해 아빨 너무 닮고', '끝까지 대가 받아내고 말 거야', '그 멀리서 나를 지켜 지켜보면 돼', '그렇게 고통까지 외운 채', '잃을 것도 없어 잃은 것뿐', '난 다 채울래', '그래 난 더 나아가야 돼', '날 보는 널 위해', '멈출 수 없어 잃어버린 걸', '되찾을 거야 비록', '니가 나의 모든 걸 뺏어갔어도', '모두가 내 꿈에 바리케이드를 쳐도', '내가 나의 기름 더 불을 붙여줘', '내가 나의 기름 더 불을 붙여줘', '어릴 때 난 어렸지', '넌 기회를 또 놓쳐버렸지', '난 또 목숨을 걸었지', '매 순간이 난 버저비터', '빛이 나니까 좀 꺼져있어', '내가 먹고 나면 너희는 설거지', '여전히 카니발 바뀐 건 회사', '똑같이 하고픈 걸로 난 해 밥값 아니', '해 차 값 아니 해 집값 아니', '해 동생 밥 계산', '키비형이 사주시면', '스무 살이 이제 형이 되고 나니까', '움직여 바삐', '방해물은 다 까버려', '당신 내 삶을 살아줄 거 아니면', '니가 나의 모든 걸 뺏어갔어도', '모두가 내 꿈에 바리케이드를 쳐도', '내가 나의 기름 더 불을 붙여줘', '내가 나의 기름 더 불을 붙여줘', '있는 그대로의 나를 받아줘', '아직 완벽하지는 않아도', '내일은 당연한 게 아니라서', '지금 아빠가 곁에 없더라도', '눈물 닦고 어깨 펴고 다녀', '항상 네 편이란 걸 잊지 마', '부모님은 당했지 인종차별', '얻은 것보다 잃은 게 많아서', '내 랩의 가치는 달라', '다 해봤어 성공이랑 죽음 빼고 난', '승산은 나에게 없었잖아', '밤마다 악마가 찾아와 하지만 난', '이제 겁나지 않아', '니가 나의 모든 걸 뺏어갔어도', '모두가 내 꿈에 바리케이드를 쳐도', '내가 나의 기름 더 불을 붙여줘', '내가 나의 기름 더 불을 붙여줘']"
7,After LIKE,"['또 모르지 내 마음이', '저 날씨처럼 바뀔지', '날 나조차 다 알 수 없으니', '그게 뭐가 중요하니', '지금 네게 완전히', '푹 빠졌단 게 중요한 거지', '아마 꿈만 같겠지만', '분명 꿈이 아니야', '달리 설명할 수 없는', '이건 사랑일 거야', '방금 내가 말한 감정', '감히 의심하지 마', '그냥 좋다는 게 아냐', '조심해 두 심장에 핀', '새파란 이 불꽃이', '저 태양보다 뜨거울 테니', '난 저 위로 또 아래로', '내 그래프는 폭이 커', '두 번 세 번 피곤하게', '자꾸 질문하지 마', '내 장점이 뭔지 알아?', '바로 솔직한 거야', '방금 내가 말한 감정', '감히 의심하지 마', '그냥 좋다는 게 아냐', '아무도 막지 못해', '나를 보면 눈 깜빡할', '시간 조차도 아까울 걸', '드디어 만나 반가워']"
8,Nxde,"['말투는 멍청한 듯 몸매는 섹시 섹시요', '그럼 다이아 박힌 티아라 하나에', '내가 퍽이나 웃게 퍽이나 웃게', '뒤틀려버린 로렐라이', '철학에 미친 독서광', '싸가지없는', '야유하는 관객들', '아 별빛이 깨져버린 밤', '꼴이 볼품없대도 망가진다 해도', '다신 사랑받지 못한대도', '아리따운 날 입고 따따랏따라', '아리따운 날 입고 따따랏따라', '실례합니다 여기 계신 모두', '야한 작품을 기대하셨다면', '환불은 저쪽 대중은 흥미 없는 정보', '그 팝콘을 던져도 덤덤', '행복과 반비례 평점', '편견은 토할 거 같지', '아 더 부끄러울 게 없는 밤', '꼴이 볼품없대도 어쩌면 네게도', '다신 사랑받지 못한대도', '아리따운 날 입고 따따랏따라', '아리따운 날 입고 따따랏따라', '까고 말해', '아리따운 나의 누드', '아름다운 나의 누드', '변태는 너야']"
9,Attention,"['내 맘이 보이지', '한참을 쳐다봐', '가까이 다가가', '용기가 생겼지', '이미 아는 네 눈치', '고개를 돌려 천천히', '여기', '여기 보이니', '확실하게 나로 만들겠어', '꿈에서 깨워주지 마', '가끔은 정말', '헷갈리지만', '분명한 건', '널 우연히 마주친 척할래', '못 본 척 지나갈래', '나와 나와 걸어가 줘', '지금 돌아서면', '널 보면 하트가 튀어나와', '내 맘은 설레이지', '꿈에서 깨워주지 마', '가끔은 정말', '헷갈리지만', '분명한 건', '가끔은 정말', '헷갈리지만', '분명한 건']"
10,새삥 (Prod. ZICO) (Feat. 호미들),"['기분이 째져', '잘 되면 셀럽', '못 되면 평생 리셀러', '나는 새삥', '모든 게 다 새삥', '보세 옷을 걸쳐도', '헌 집 주고 새집', '프리미엄이 붙어', '나는 새삥', '유명세를 걷어', '남의 멋만 쌔비지', '난 취향을 감춰 그래', '내 세컨 카는 수수께끼', '넘볼 수 없는 임금', '다시 ’코’시국', '암만 영끌해도 근본은 절대 못 사', '뚜까 패고파', '기분이 째져', '잘 되면 셀럽', '못 되면 평생 리셀러', '나는 새삥', '모든 게 다 새삥', '보세 옷을 걸쳐도', '헌 집 주고 새집', '프리미엄이 붙어', '아마 나는 오늘도', '이유는 뻔하지 새로운 옷이', '알어 니 위치는 겉만 하지 마', '이제 여름이 오니까 준비해', '내 목에다 채워질 아이스체인', '우리 엄만 생일마다', '새 가방이 생기지', '신기록 갱신', '우린 없어 배신', '나는 매일 새신', '책임을 가진 삶은 생각보다 괴로워', '내 옷은 새로워', '난 운전할 때마다 맨 앞이라 외로워', '내 옷들은 늘 새삥', '아무도 못 말려 나란 바닥노무 쉐낀', '안전모를 썼던', '기분이 째져', '잘 되면 셀럽', '못 되면 평생 리셀러', '나는 새삥', '모든 게 다 새삥', '보세 옷을 걸쳐도', '헌 집 주고 새집', '프리미엄이 붙어', '나는 새삥 모든 게 다 새삥']"
11,Snowman,[]
12,LOVE DIVE,"['네가 참 궁금해 그건 너도 마찬가지', '이거면 충분해 쫓고 쫓는 이런 놀이', '참을 수 없는 이끌림과 호기심', '묘한 너와 나 두고 보면 알겠지', '난 그 맘을 좀 봐야겠어', '서로를 비춘 밤', '아름다운 까만 눈빛 더 빠져 깊이', '(넌 내게로 난 네게로)', '마음은 이렇게 알다가도 모르지', '사랑이라는 건 한순간에 필 테니', '직접 들어와 두 눈으로 확인해', '내 맘 가장 깊은 데로 오면 돼', '원하면 감히 뛰어들어', '서로를 비춘 밤', '아름다운 까만 눈빛 더 빠져 깊이', '(넌 내게로 난 네게로)']"
13,All I Want for Christmas Is You,[]
14,Dreamers [Music from the FIFA World Cup Qatar 2022 Official Soundtrack] (Feat. FIFA Sound),"['الأ هو لا دان', 'الأ هو لا دان', 'الأ هو لا دان', 'الأ هو لا دان', 'الأ هو لا دان', 'الأ هو لا دان', 'الأ هو لا دان', 'الأ هو لا دان', 'الأ هو لا دان', 'الأ هو لا دان', 'الأ هو لا دان', 'الأ هو لا دان', 'الأ هو لا دان', 'الأ هو لا دان', 'الأ هو لا دان', 'الأ هو لا دان']"
15,Monologue,"['다 잊었다는 거짓말', '또 해 버렸죠', '내 마음에 그대란 사람', '없다고 했죠', '너무나 쉽게 잊혀졌다고', '이젠 남이라고', '서툰 내 사랑에 지쳐 떠난 그대', '너무 많이 울려서', '잡을 용기조차 낼 수 없었죠', '미안해요 내 사랑아', '다신 나 같은 사람 만나지 마요', '혹시 찾아가도 두 번 다시', '나를 허락해 주지 마요', '그댄 여리고 너무 착해서', '싫단 말도 잘 못하는데', '많이 부족한 나를 사랑한 그대', '이거면 됐어요 더 이상은', '그대 불행하지 않도록', '나 이쯤에서 없어지는 게', '그댈 위한 나의 사랑인 걸요', '너무 투명해서 때론 불안했죠', '제멋대로 살아온 나를', '감당할 수 없을 것 같죠', '미안해요 내 사랑아', '다신 나 같은 사람 만나지 마요', '혹시 찾아가도 두 번 다시', '나를 허락해 주지 마요', '그댄 여리고 너무 착해서', '싫단 말도 잘 못하는데', '고마웠어요 나를 사랑해 줘서', '나 같은 사람이 두 번 다시', '감히 받을 수 없는 사랑', '그대 때문에 행복했어요', '울지 마요 그대', '잘 생각해 봐요', '나쁜 일들만 가득했던 우리', '다 잊어야 해요', '다신 나 같은 사람 만나지 마요', '혹시 찾아가도 두 번 다시', '나를 허락해 주지 마요', '그댄 여리고 너무 착해서', '싫단 말도 잘 못하는데', '많이 부족한 나를 사랑한 그대', '이거면 됐어요', '더 이상은 그대 불행하지 않도록', '나 이쯤에서 없어지는 게', '그댈 위한 나의 사랑인 걸요']"
16,Santa Tell Me,[]
17,Shut Down,"['컴백이 아냐 떠난 적 없으니까', '고개들이 돌아 진정해 목 꺾일라', '게임이 아냐 진 적이 없으니까', '짖어봐 네 목에 목줄은 내 거니까', '네 다음 답안지야 똑바로 봐']"
18,Rush Hour (Feat. j-hope of BTS),"['유엔빌리지에서 한강진역', '이태원을 지나왔어 언덕길로', '클랙슨은 목이 쉬어 퇴근길마다 삐걱삐걱', '그게 자그마치 2년', '입에 단내가 나 미칠 지경', '작업실로 당당하게 내비 찍어', '그러니까 너넨 히비히비합 질러 빽빽', '그러니까 너넨 히비히비합 질러 땍땍', '따라 해 어때 생각보다 쉽지', '서울숲에서부터 근방 직경', '사진 소리 찰칵찰칵 가는 길마다 찍어 찍어', '보험마저 없는 내 미래 비전', '그러니까 너넨 히비히비합 질러 빽빽 (빽빽)', '그러니까 너넨 히비히비합 질러 땍땍 (땍땍)', '따라 해 어때 생각보다 쉽지']"
19,"눈 (EYE) (Feat. BIG Naughty, 저스디스 (JUSTHIS)) (Prod. R.Tee)","['네가 처음 세상 밖에 나와', '마주쳤던 그 예쁜 미소가', '흐릿해져만 갈 때쯤에', '곧 알게 될 거야', '넌 정말 축복받은 아이야', '널 위해 내어준 처음이자', '마지막 위로일 테니까', '기억해두자', '암막 친 지하 방에 스물네 시간', '세상이 무서워져', '질끈 눈을 뗐지 아예', '내 눈만 가리면 숨을 수 있겠지라며', '착각하며 거칠게', '추운 숨을 내쉰 날들', '차가운 시선은', '눈이 돼서 쌓이는 중인데', '가만히 있다가는', '우린 죄다 잠에 들 뿐이네', '게다가 여긴 외로워', '아무도 내 눈을 맞추려 하지 않아', '한번 힐끗하고 지나간 뒤엔', '등 뒤에 꽂혀있어 칼이 하나', '구멍이 난 채 난 헤맸었지', '참 많은 날들', '나조차도 나 몰라라 했던', '나를 잡아 줬던 형의 말 붙잡아', '오게 만들었지 여기까지', '야 말릭아 포기하지 마', '나를 감싼 많은 불안들을', '이겨내게 했지', '그때 형이 해 준 한마디가', '이젠 알약 없이도', '너희 눈을 똑바로 봐', '마주하러 내 발로 왔어', '모두의 눈이 모인 곳에', '흑백으로 보였던 세상은', '파랗게 녹아내려 봄이 올 때', '날 울렸던 그 트라우마', '덕에 난 웃어넘겨', '죽었던 내일을 건져', '못 본 체했던 화려한', '불빛에 나를 던져', '네 눈빛에 내가 번져', '오늘 밤 내가 내 정신줄을 놓치면', '내일의 나랑은', '영원히 끊어져 버릴지도', '몰라서 불을 키고 아침까지 기도', '하던 4년 전의 기억 어떻게 잊어', '거울에 비춰진 내 모습 모두가 싫어', '할 것만 같애 난 의심을 시작했지', '내 가족까지도', '울면서 전화기를 붙잡고 물었지', '엄마도 내가 싫어', '시간을 되돌릴 수 있다면', '그 상처를 씻겨 주고 싶어', '난 엄마 이제 안 돌아가 그때로는', '걱정 마', '근데 이제 내 눈빛은', '누군가를 불태우지 않아', '옆자리를 뎁혀 놓을게 말릭아 올라와', '우리는 차가움 속 피어난 눈꽃', '돌이킬 수 없는 과거에', '묶여 살고 있을 수는 없어', '너와 나를 울리고 죽였던', '감았던 눈으로', '세상을 똑바로 마주할게', '노래를 불러줘', '까만 플라스틱 너머의 세상', '터지는 플래시들 앞에 서자', '표정 없는 얼굴들이 말해', '야 그것 좀 벗어봐', '날 노려보는 눈동자 없는 눈들과', '그 눈을 피해 숨어버린 꿈들아', '여긴 숨을 곳 하나 없는 운동장', '위 홀로 서 있는 나', '날 울렸던 그 트라우마', '덕에 난 웃어넘겨', '죽었던 내일을 건져', '못 본 체했던 화려한', '불빛에 나를 던져', '네 눈빛에 내가 번져', '눈 딱 감고 눈 떠 불을 켜 내 방', '날 울렸던 그 트라우마', '덕에 난 웃어넘겨', '죽었던 내일을 건져', '못 본 체했던 화려한', '불빛에 나를 던져', '네 눈빛에 내가 번져', '날 울렸던 그 트라우마', '덕에 난 웃어넘겨', '죽었던 내일을 건져']"
20,사랑은 늘 도망가,"['눈물이 난다 이 길을 걸으면', '그 사람 손길이 자꾸 생각이 난다', '붙잡지 못하고 가슴만 떨었지', '내 아름답던 사람아', '사랑이란 게 참 쓰린 거더라', '잡으려 할수록 더 멀어지더라', '이별이란 게 참 쉬운 거더라', '내 잊지 못할 사람아', '사랑아 왜 도망가', '수줍은 아이처럼', '행여 놓아버릴까 봐', '꼭 움켜쥐지만', '그리움이 쫓아 사랑은 늘 도망가', '잠시 쉬어가면 좋을 텐데', '바람이 분다 옷깃을 세워도', '차가운 이별의 눈물이 차올라', '잊지 못해서 가슴에 사무친', '내 소중했던 사람아', '사랑아 왜 도망가', '수줍은 아이처럼', '행여 놓아버릴까 봐', '꼭 움켜쥐지만', '그리움이 쫓아 사랑은 늘 도망가', '잠시 쉬어가면 좋을 텐데', '기다림도 애태움도 다 버려야 하는데', '무얼 찾아 이 길을 서성일까', '무얼 찾아 여기 있나', '사랑아 왜 도망가', '수줍은 아이처럼', '행여 놓아버릴까 봐', '꼭 움켜쥐지만', '그리움이 쫓아 사랑은 늘 도망가', '잠시 쉬어가면 좋을 텐데', '잠시 쉬어가면 좋을 텐데']"
21,해요 (2022),"['그녀와 나는요 그땐 참 어렸어요', '많이 사랑했고 때론 많이 다퉜었죠', '지금 생각하면 모두 내 잘못이죠', '마지막 그날도 그녀는 울었어', '나는 그녈 잡지 못했죠', '지금까지도 너무 후회가 돼요', '그 후로 누굴 사랑한 적 없어 아직은', '그녀와 나는요', '언젠가 만날 거죠', '변해버린 모습 변해버린 시간 속에', '하지만 괜찮아 내 눈엔 아름답던', '예전 모습 그대로 일 거예요', '그녀도 날 못 잊을 거야 나는 믿어요', '그만큼 사랑했죠', '그래서 우린 한 번은 만나야만 해요', '그녀의 친구라도 이 노랠 듣는다면', '그녀에게 전해줘요', '내가 아직 사랑한다고', '우리가 처음 만난 그 시간 그 자리에', '내가 매일 기다린다고', '언제라도', '그녀도 날 못 잊을 거야 나는 믿어요', '그만큼 사랑했죠', '그래서 우린 한 번은 만나야만 해요', '그녀의 친구라도 이 노랠 듣는다면', '그녀에게 전해줘요', '내가 아직 사랑한다고', '우리가 처음 만난 그 시간 그 자리에', '내가 매일 기다린다고', '그녀의 친구라도 이 노랠 듣는다면', '그녀에게 전해줘요', '내가 아직 사랑한다고', '우리가 처음 만난 그 시간 그 자리에', '내가 매일 기다린다고', '내가 매일 기다린다고']"
22,Pink Venom,"['팝콘이나 챙겨 껴들 생각 말고', '내 손끝 툭 하나에 다 무너지는 중', '가짜 쇼 치곤 화려했지', '자 오늘 밤이야 난 독을 품은 꽃', '네 혼을 빼앗은 다음', '자 오늘 밤이야 난 독을 품은 꽃', '네 혼을 빼앗은 다음']"
23,잘가요,"['미안해 마요 이제야 난 깨달아요', '내 절대 그대 짝이 아님을', '괜찮을게요 영혼 밖에 팔 것 없는', '못난 날 잘 비켜갔어요', '그대 행복 내가 꼭 아니라도', '지킨다면 그게 사랑일 테죠', '그게 나의 몫이죠', '잘 가요 내 소중한 사람', '행복했어요', '그래도 이것만 알아줘요', '지금 그 사랑보다', '결코 내 사랑이', '부족하다거나 얕지 않음을', '잊어도 돼요 나를 만난 시간들은', '잠깐의 연극이라 여김을', '잘한 거예요 아무리 난 노력해도', '작은 희망도 없잖아요', '아주 멀리, 멀리 뛰어가세요', '어떡해요 자꾸 잘못한 일만', '떠오르는 걸', '잘 가요 내 소중한 사람', '행복했어요', '그래도 이것만 알아줘요', '지금 그 사랑보다 결코 내 사랑이', '부족하다거나 얕지 않음을', '어긋난 인연이 남겨놓은 사랑이란', '날카로운 슬픔이군요', '잘 가요 내 사랑아 고마웠어요', '그래도 이것만 알아줘요', '지금 그 사랑보다 결코 내 사랑이', '부족하다거나 얕지 않음을', '부족하다거나 얕지 않음을']"
24,너의 모든 순간,"['이윽고 내가 한눈에', '너를 알아봤을 때', '모든 건 분명 달라지고 있었어', '내 세상은 널 알기 전과 후로 나뉘어', '니가 숨 쉬면 따스한 바람이 불어와', '니가 웃으면 눈부신 햇살이 비춰', '거기 있어줘서 그게 너라서', '가끔 내 어깨에 가만히 기대주어서', '나는 있잖아 정말 빈틈없이 행복해', '너를 따라서 시간은 흐르고 멈춰', '물끄러미 너를 들여다 보곤 해', '그것 말고는 아무것도 할 수 없어서', '너의 모든 순간 그게', '나였으면 좋겠다', '생각만 해도 가슴이 차올라', '나는 온통 너로', '보고 있으면 왠지 꿈처럼 아득한 것', '몇 광년 동안 날 향해 날아온 별빛', '또 지금의 너', '거기 있어줘서 그게 너라서', '가끔 나에게 조용하게 안겨주어서', '나는 있잖아 정말 남김없이 고마워', '너를 따라서 시간은 흐르고 멈춰', '물끄러미 너를 들여다보곤 해', '너를 보는 게 나에게는 사랑이니까', '너의 모든 순간 그게', '나였으면 좋겠다', '생각만 해도 가슴이 차올라', '나는 온통 너로', '니 모든 순간 나였으면']"
25,자격지심 (Feat. ZICO),"['내 나이는 20', '하고도 플러스 2지', '주위 친구들은 일찍', '말도 안 돼 거짓말', '내게 하지 마', '티는 안 냈지만 짜증 나', '사실 난 속 좁아서 다 빈말이야', '그릇이 넓지 못한가 봐', '주위 사람의 성공이 배 아파', '매일 밤 열심히 하는 게 아마', '뒤떨어질까 봐 일지 몰라', '담배 한 대 피우고 한숨을 내뱉어', '내가 난데 왜 이래', '이러지 않았는데 나', '진짜네', '사실 잘 될 줄 난 몰랐는데', '바쁘대', '그래 다음에 시간 될 때 봐', '축하는 하지만 안 불러줄래 네 노랜', '어쩔 수 없어 내가 어른이 되길 먼저', '“노래하지 마 발성부터 글렀다고', '너 래퍼라면서 왜 이리 뚝딱거려', '그건 그렇다 쳐 지금 얼굴 갖고', '티비에 나온다니 정말 클났어”', '신인 팀들 투정해 대기실이 비좁대', '우린 부럽기만 한데', '내 폴더 인사를 쌩깠던 선배 기억해', '오래 못 가서 나락 갔지', '월등함이면 몰라', '열등감은 빠져 모양', '남 좋은 일 하는 거니까', '못 믿겠음 직접 지켜봐', '진짜네', '사실 잘 될 줄 난 몰랐는데', '바쁘대', '그래 다음에 시간 될 때 봐', '축하는 하지만 안 불러줄래 네 노랜', '어쩔 수 없어 내가 어른이 되길 먼저', '모두가 너무 다 커 보여', '네 자랑은 이제 안 부러워', '라고 말하며 귀는 또 쫑긋 서', '이제 내 차례야 라고 말하며 헛기침', '거울을 보며 내게 물어', '진짜네', '사실 잘 될 줄 난 몰랐는데', '바쁘대', '그래 다음에 시간 될 때 봐', '축하는 하지만 안 불러줄래 네 노랜', '어쩔 수 없어 내가 어른이 되길 먼저']"
26,WHEN I MOVE,"['난 가장 높은 곳에서', '아슬하게 아찔하게', '두 손을 펼쳐', '망설이지 마 뭐 어때', '리듬에 맡겨 느낀 그대로', '나조차도 어림잡지 못해', '홀린 듯 몸을 맡겨', '이 끌림이 싫진 않잖아', '그치? 나를 따라 너를 던져봐', '아슬하게 아찔하게', '두 손을 펼쳐', '리듬에 맡겨 느낀 그대로', '춤춰봐 더 자유롭게 미쳐봐', '왔어 우리에게 너무 좋은 날이', '네가 원했던 이 순간이', '움츠렸던 마음을 녹여', '어제의 너를 잊어', '리듬에 맡겨 느낀 그대로', '끝까지 손을 뻗어']"
27,사랑인가 봐,"['너와 함께 하고 싶은 일들을', '상상하는 게', '요즘 내 일상이 되고', '너의 즐거워하는 모습을 보고 있으면', '자연스레 따라 웃고 있는 걸', '너의 행동에 설레어하고 뒤척이다가', '지새운 밤이 많아지는데', '이건 누가 봐도 사랑일 텐데', '종일 함께면 질릴 텐데', '나 돌아서도 온통 너인 건', '아무래도 사랑인가 봐', '점점 너와 하고 싶은 일들 생각하면서', '하룰 보낸 날이 많아지는데', '이건 누가 봐도 사랑일 텐데', '종일 함께면 질릴 텐데', '나 돌아서도 온통 너인 건', '아무래도 사랑인가 봐', '너의 행복해하는 모습을 보고 있으면', '나도 모르게 따라 웃는데', '이 정도면 알아줄 만하잖아', '너도 용기 낼만 하잖아', '나만 이런 게 아니라면', '우리 만나볼 만하잖아', '아무래도 사랑인가 봐']"
28,Cookie,"['내가 만든 쿠키', '너를 위해 구웠지', '내가 만든 쿠키', '너무 부드러우니', '자꾸만 떠오르니', '입맛 버리게 만들고 싶어', '숨기고 있지만 널 더 보고 싶어', '식사는 없어 배고파도', '음료는 없어 목말라도', '달콤한 맛만 디저트만 만', '원하게 될 거 알잖아', '식사는 없어 배고파도', '음료는 없어 목말라도', '달콤한 맛만 디저트만 만', '원하게 될 거 알잖아', '내가 만든 쿠키', '너에게는 독이지', '네 마음속을 녹이지', '한입은 모자라니', '정신 못 차리게 만들고 싶어', '숨기고 있지만 널 더 보고 싶어', '식사는 없어 배고파도', '음료는 없어 목말라도', '달콤한 맛만 디저트만 만', '원하게 될 거 알잖아', '식사는 없어 배고파도', '음료는 없어 목말라도', '달콤한 맛만 디저트만 만', '원하게 될 거 알잖아', '레시핀 없어 딴 데서는 못 찾아', '난 재료 안 아끼지', '네 다이어트를 망치고 싶어 나', '식사는 없어 배고파도', '음료는 없어 목말라도', '달콤한 맛만 디저트만 만', '원하게 될 거 알잖아', '식사는 없어 배고파도', '음료는 없어 목말라도', '달콤한 맛만 디저트만 만', '원하게 될 거 알잖아', '내가 만든 쿠키', '우리 집에만 있지 놀러 와', '얼마든지 굽지', '그런데 너 충치', '생겨도 난 몰라', '내가 만든 쿠키', '우리 집에만 있지 놀러 와', '얼마든지 굽지', '그런데 너 충치', '생겨도 난 몰라']"
29,딱 10CM만,"['1 2 3 4 5 6 7 8 9 10', '더도 말고 덜도 말고 딱 그 정도만', '한번 해보자', '우리 멀어져 보자', '딱 반 발자국만', '더도 말고 덜도 말고 딱 그 정도만', '한번 해보자', '우리 멀어져 보자', '자세히 보아야 예쁘다', '오래 보아야 사랑스럽다', '참 좋아하던 말이었는데 글쎄', '아무거나 눌러보다가', '한발자국 뒤에서', '보면 보이지 않던 아름다움이', '보인다는 말에', '집에 가는 길에', '액정 밖의 화면을 봤네', '맨날 본 똑같은 거리들이', '오늘따라 이상하게 예뻐 보이는 게', '싫은 것도 싫지 않아야 어른이 되지', '우리 조금만 반 발자국만', '한 발자국만 아님 반 발자국만', '멀어져 볼까', '1 2 3 4 5 6 7 8 9 10', '더도 말고 덜도 말고 딱 그 정도만', '한번 해보자', '우리 멀어져 보자', '딱 반 발자국만', '더도 말고 덜도 말고 딱 그 정도만', '한번 해보자', '우리 멀어져 보자', '꽃을 보았다 예뻤다', '자세히 보려고 꺾었다', '참 좋아하던 향이었는데 글쎄', '이제는 한 두번 누르는 향수처럼', '쉽게 피고 아쉽게 지는', '자세히 안 봐도 오래 안 봐도', '이 거리를 가득 채우는', '꽃들도 있더라고', '삐거덕 거리는', '빈 수레바퀴는', '쉼과 의심 그 사이 어딘가로 더', '미끄러져가는데', '일찍이 이미 희미해 져버린', '우리의 길 위 의미는 헤져버린', '목적지에 적힌 음표와 같아서', '1 2 3 4 5 6 7 8 9 10', '더도 말고 덜도 말고 딱 그 정도만', '한번 해보자', '우리 멀어져 보자', '딱 반 발자국만', '더도 말고 덜도 말고 딱 그 정도만', '한번 해보자', '우리 멀어져 보자', '더도 말고 덜도 말고 딱 그 정도만', '한번 해보자', '우리 멀어져 보자', '딱 반 발자국만', '더도 말고 덜도 말고 딱 그 정도만', '한번 해보자', '우리 멀어져 보자']"
30,내가 아니라도,"['사랑이었다 별거 없던 내 하루에', '빛이 돼준 단한 사람', '나보다 나를 더 아껴 주던 너를', '그땐 왜 몰랐을까', '행복이었다 다시는 없을 것 같던', '잠시나마 행복했었다', '다른 사람 곁에 있는 널', '생각해 본 적 없지만', '이젠 너를 보내줘야 할 것 같아', '내가 아니라도', '눈부시게 사랑받았을 너라서', '그 소중한 시간을 나와 함께해 줘서', '고마웠어', '예쁘고 아름다웠던 너의 그날에', '함께했던 그 모든 순간이 행복했어', '내 전부였다 무엇도 바꿀 수 없던', '우리라서 행복했었다', '다른 누구라도', '나보다 더 좋은 사람 만나서', '이젠 나를 잊고 행복하게 살아', '내가 아니라도', '눈부시게 사랑받았을 너라서', '그 소중한 시간을 나와 함께해 줘서', '고마웠어', '예쁘고 아름다웠던 너의 그날에', '함께했던 그 모든 순간이 행복했어', '어두웠던 내 하루에', '빛이 되어주던 그날들을', '어떻게 잊고 살아', '과분했던 너라는 사람을 만나', '누구보다 사랑했었다', '내가 아니었다면', '눈부시게 사랑받았을 너란 걸', '이 세상에 누구보다 더 잘 알아서', '미안했어 너와 함께한 날들이', '더 말할 게 있을까', '행복한 기억만 가져갈게']"
31,미리 메리 크리스마스 (Feat. 천둥 Of MBLAQ),"['하얀 눈이 내려올 때면', '온 세상이 물들을 때면', '눈꽃이 피어나 또 빛이 나', '눈이 부신 너처럼', '꾹꾹 참아도', '네가 내게 불러 준', '늘 불안불안 해 꿈처럼 깰까 봐', '하늘에게 감사해', '하얀 눈이 내려올 때면', '온 세상이 물들을 때면', '눈꽃이 피어나 또 빛이 나', '눈이 부신 너처럼', '사랑할 수 밖에 없어서', '사랑한 네 손 잡고서', '첫 눈 위를 걸어 발자국을 새겨', '이 길 끝까지 걸어 갈 거야', '네 여자친구가 되고만 싶은 걸', '너의 곁에 있을게', '하얀 눈이 내려올 때면', '온 세상이 물들을 때면', '눈꽃이 피어나 또 빛이 나', '눈이 부신 너처럼', '사랑할 수 밖에 없어서', '사랑한 네 손 잡고서', '첫 눈 위를 걸어 발자국을 새겨', '이 길 끝까지 걸어 갈 거야', '매일 매일 너 때문에 행복해', '다른 누구 아닌 나를', '나도 믿기지 않아', '지금 네가 내 옆에', '이렇게 손 꼭 잡은 채 걷는다는 게', '하얀 눈보다 더 뽀얀 네 볼에', '다가오는 크리스마스에는', '기다리는 그 날만큼은', '네 곁에 있을래', '하루 종일 미리 미리 약속해', '사랑할 수 밖에 없어서', '사랑한 네 손 잡고서', '첫 눈 위를 걸어 발자국을 새겨', '이 길 끝까지 걸어 갈 거야']"
32,그때 그 순간 그대로 (그그그),"['잘 지냈지? 조금은 어색해 요즘 좋아 보여 인사 나누며', '사실 궁금한 게 너무 많았는데 반가움에 멍해졌죠', '생각보다 오래 된 것 같은 우리 수다스럽던 그때가 생각나', '뭐가 그렇게도 할 말이 많아서 밤을 지새우곤 했죠', '그리운 목소리 그리던 얼굴 참 많이도 기다렸어', '다시 만나자는 너의 한마디에 울컥 눈물이 나', '결국 너였단 걸', '알아', '기다림의 끝은 기적이 되고 기적 같은 우린 운명처럼', '서로를 알아보고 그렇게 눈앞에 서있죠', '우리 사랑했던 우리 다시 만나 그때 그 순간 그대로', '사랑했고 사랑할 거니까', '같이 듣던 노래 그때 그 거리를 이제 혼자 아닌 너와 둘이 걸어', '다시 오른쪽에 나란히 발맞춰 같은 노래를 부르죠', '그리운 만남을 그리던 날들 참 많이도 기다렸어', '다시 너를 만나 더욱 더 소중해 같은 마음이란 걸', '알아', '기다림의 끝은 기적이 되고 기적 같은 우린 운명처럼', '서로를 알아보고 그렇게 눈앞에 서있죠', '우리 사랑했던 우리 다시 만나 그때 그 순간 그대로', '사랑했고 사랑할 거니까', '처음 느낌 그대로 설렘이 가득한 날', '고마워 다시 돌아와줘서', '그때 그 순간처럼 날', '안아줘', '결국 기다림의 끝은 기적이 되고 기적 같은 우린 운명처럼', '서로를 알아보고 그렇게 눈앞에 서있죠', '우리 사랑했던 우리 다시 만나 그때 그 순간 그대로', '사랑했고 사랑할 거니까']"
33,Last Christmas,[]
34,TOMBOY,"['뭘 그리 찡그려 너', '사랑 그깟 거 따위 내 몸에 상처 하나도 어림없지', '너의 썩은 내 나는 향수나 뿌릴 바엔', '사랑 그깟 거 따위 내 눈에 눈물 한 방울 어림없지', '너의 하찮은 말에 미소나 지을 바엔']"
35,크리스마스니까,"['하늘에선 마침 눈이 내려', '뭔가 잘 될 것 같은 예감', '하얀 거리마다', '행복해 보이는 연인들', '니 맘은 어떤지 내 맘과 같은지', '우리 시작해볼까', '오늘은 괜찮을까요', '내 맘이 전해질까요', '내리는 하얀 눈처럼', '너에게 닿을까요', '숨겨왔던 내 맘 전부 고백할게요', '바로 오늘 크리스마스이니까', '사실 그대도', '조금은 기댈 했잖아요', '못 이기는 척 웃는 너', '그런 니가 사랑스러워', '오늘은 괜찮을까요', '내 맘이 전해질까요', '내리는 하얀 눈처럼', '너에게 닿을까요', '숨겨왔던 내 맘 전부 고백할게요', '바로 오늘 크리스마스', '많은 사람들 속에', '너만 내 눈에 보여', '의상 좋고 머리도 괜찮고', '얼굴 상태 나쁘지 않아', '오늘만 기다렸단 말야', '눈치껏 눈도 내린단 말야', '또박또박 연습한 멘트', '뚜벅뚜벅 걷는 발걸음이', '벌써 네 앞에 도착했어', '올해 크리스마스 선물은 나야', '귀요미 루돌프 남', '오늘이야 메리 크리스마스', '조금만 더 용길 낼게', '이 순간이 지나버리면', '널 놓칠지 몰라', '진심이 더 진심처럼 느껴지는 게', '바로 오늘 크리스마스이니까', '너와 나 영원히']"
36,위하여 (We Higher) (Prod. GroovyRoom),"['기세 마치 폭포', '관중들의 눈이 반짝해', '에서부터 딱', '차려진 식사', '허나 안 성급해', '성공이 쇄도해', '빈 공간에', '시작은 골방이었지만', '절대 안 해 덤벙', '과거는 컴컴해도', '미랜 번쩍해', '딱딱해져 가지', '더 내 빡빡머리', '벌써 나인 곧 30', '이제 전성기의 나이', '나잇값 하지 난', '쉽게 올라타', '손흥민이 형처럼', '함성 소리가 날 덮쳐', '기회가 왔어', '그래 닿으려 해 대기권', '난 바닥으로 떨어진 적이 없지', '1, 2등 말고는 재미없어', '패배도 있었기에 더욱더', '단단해지는 법 배운 거지', '다른 말 안 해 지금', '이기는 거에만 다 쏟아', '팀 그릴즈 각자 자리로', '여기저기 다 있어 계속해', '트랩 붐뱁 드릴 상관없이 다 뱉어', '유행 같은 건 타지 않아 내 거는', '봄 여름 가을 겨울 싹 다 제철', '올라갈라니 너무 높아 어떡해', '(우린 안 떨어져 절대)', '못 돼 겁쟁이', '언제나 멋대로 했더니', '랩 머니가 내 눈앞에', '다 이루기 위해서 목표', '내 생각 일단 펼쳐놓고 점쳐', '단 한 번만 봐도', '내 눈에는 딱 답 나오지', '올라가 난 위', '난 매일 바래왔지 꼭대기', '이건 우릴 위하여', '더 위 위', '올라가 난 위', '난 매일 바래왔지 꼭대기', '이건 우릴 위하여', '더 위 위 위', '실패 절대 두렵지 않아', '넘어져도 포기 따윈 안혀', '앞에 날 막는 장애물이 있더라도', '멈칫하지 않어', '깊게 숨을 들이마신 후', '이륙 준비 후에 날어', '결국 트로피를 거머쥐고 나서', '기회를 바로 잡어', '내가 꿈꿔 왔던 거 눈을 감으니', '들리지 함성 소리', '누가 뭐라든 오직 내 목표는 하나', '난 황소고집', '플리키뱅 칠린호미', '노윤하 블라세 키츠요지', '우리 팀은 국가대표 너네 팀들은', '귀여워 마치 슛돌이', '너랑 나랑 몸싸움을 한다면', '보내버려 멀리', '너가 만약 내 팀을 건든다면', '벤치클리어링', '귓가엔 이젠 이명', '대신 울려 승리의 나팔소리', '둘 셋 넷 다섯 훈련해', '굴렀지 매일 밤', '처박아 맨땅에', '어차피 모 아님 도', '내가 못할 게 뭐 있어', '고생 다음에는 빛이', '얘기했지', '난 포기했고 왔어 여기에 다시', '보였어 드디어 성공이 앞에', '올라가 난 위', '난 매일 바래왔지 꼭대기', '이건 우릴 위하여', '더 위 위', '올라가 난 위', '난 매일 바래왔지 꼭대기', '이건 우릴 위하여', '더 위 위 위', '안 멈추지 있어도 그 스톱사인', '한국 남자 래퍼들 다 미녀', '걔가 뭐라 하든 나는 위너', '내 인생은 천만 관람 무비,', '너는 그냥 유튜브에 있는 클립', '안 받아 난 졸림', '이젠 다 소리쳐', '난 귀신같이 갑자기 튀어나왔어', '걔네들 거짓말 치는 거', '딱 보니까 전부 다 들렸어 사탄', '내 맛은 넘 매워 불닭이', '올라가 난 위', '난 매일 바래왔지 꼭대기', '이건 우릴 위하여', '더 위 위 위', '올라가 난 위', '난 매일 바래왔지 꼭대기', '이건 우릴 위하여', '더 위 위 위 위']"
37,그대를 알고,"['내가 좋아하는 걸 더 좋아했었죠', '괜한 투정 부려도 화낸 적 없었죠', '나쁜 일이 있어도', '날 보면 환히 웃었던', '그대에게 아무것도 해 준게 없네요', '무언지 모르고 받기만 했던 것들', '나 이제야 알 것 같아요 사랑이란 걸', '나는 그대를 알고 사랑을 알고', '이별을 알았죠', '다시 웃게 해줄 사람도 그대뿐이에요', '그대 사랑이 깊어 마음이 아파', '눈물이 가려서', '한걸음도 못가잖아요', '차가운 내 두 손을 놓은 적 없었죠', '아프기라도 하면 밤새워 지키고', '나의 몸과 마음을 나보다 아껴주었던', '그대에게 못나게도 상처만 줬네요', '헤어지잔 말은 꺼낸 적 없었지만', '변해간 마음까지도 감싸주던 한사람', '나는 그대를 알고 사랑을 알고', '이별을 알았죠', '다시 웃게 해줄 사람도 그대뿐이에요', '그대 사랑이 깊어', '마음이 아파 눈물이 가려서', '한걸음도 못가서', '자꾸만 돌아보는 나인 걸', '한 달이 가고 일 년이 가고', '십년이 지나도', '그대 나를 몰라도 나를 잊어도', '다른 사랑해도', '내가 기다리는 사람은 그대뿐이에요', '다시 믿게 할 사람 웃게 할 사람', '사랑할 한사람', '오직 그대인 걸 아니까']"
38,첫 눈,"['첫눈 오는 이런 오후에', '너에게 전화를 걸 수만', '있다면 기쁠텐데', '벌써 일년이 지났는데', '난 아직 미련 가득해서', '""쓸쓸해"" 어느새 혼잣말', '(시계를 되돌려)', '1년 전으로 갈 수 있다면', '(마음을 되돌려)', '지금 우린 달라졌을까', '그래도 만약', '너를 만나면 눈물 차 올라', '바보 같은 난 아무 말 못해', '말해줘 메리 메리 크리스마스,', '안녕 잘 지내는거지', '눈이 내리면 멍든 가슴이', '모두 하얗게 다 덮여지게 될까', '미안해 잘해주지 못해', '후회만 가득 가득 했던,', '그 크리스마스', '불빛 가득한 거리거리', '혼자 걸었어', '다들 행복해 보여', '너는 언제나 공기처럼', '있어줄 거란 착각에,', '멍청히 보내,', '내가 너무 미안해', '(너무 흔한 얘기)', '지나고 나면 너무 소중해', '(항상 지나치지)', '왜 그때는 모르는 걸까', '지금은 다를 거야', '말해주고파', '너를 만나면 눈물 차 올라', '바보 같은 난 아무 말 못해', '말해줘 메리 메리 크리스마스,', '안녕 잘 지내는거지', '눈이 내리면 멍든 가슴이', '모두 하얗게 다 덮여지게 될까', '눈물인지 눈 때문인지', '점점 너 멀리 멀리 보이던,', '그 크리스마스', '정말 신기한 일이야 너의', '생각만으로 눈물 차 흐르니말야', '다시 너에게로 가고 싶어', '무슨 일이든 할 수 있어', '지금까지 삶이', '너를 만나면 눈물 차 올라', '바보 같은 난 아무 말 못해', '말해줘 메리 메리 크리스마스,', '안녕 잘 지내는거지', '눈이 내리면 멍든 가슴이', '모두 하얗게 다 덮여지게 될까', '미안해 잘해주지 못해', '후회만 가득 가득 했던,', '너를 만나면 눈물 차 올라', '(눈물 차 올라)', '바보 같은 난 아무 말 못해', '(아무 말 못하는 나 인걸)', '말해줘 메리 메리 크리스마스,', '잘 지내는거지', '눈이 내리면 멍든 가슴이', '모두 하얗게 다 덮여지게 될까', '눈물인지 눈 때문인지', '점점 너 멀리 멀리 보이던,', '그 크리스마스']"
39,그라데이션,"['밤은 다시 길고 깊어졌네', '나는 점점 너로 잠 못 들게 돼', '글로 적어내긴 어려운 이 기분을', '너도 느꼈으면 좋겠는데', '너는 아무 생각 없이 몇 번', '나를 지나가며 웃은 거라지만', '나의 하얀 옷에 너의 잉크가 묻어', '닦아낼 수 없을 만큼 번졌네', '달콤한 색감이 물들어 조금씩', '정신을 차렸을 땐 알아볼 수도 없지', '가득 찬 마음이 여물다 못해', '터지고 있어', '내일은 말을 걸어봐야지', '요즘 노랜 뭔가 맘에 안 들어', '네게 불러 주기엔 좀 어려워서', '나름 며칠 밤을 새워 연습했지만', '네게 들려주기엔 무리인 것 같아', '너는 번질수록 진해져 가고', '나의 밤은 좀 더 길고 외롭지만', '하루종일 떠오르는 너의 얼굴은', '방을 가득 채워 무지개같이', '달콤한 색감이 물들어 조금씩', '정신을 차렸을 땐 알아볼 수도 없지', '가득 찬 마음이 여물다 못해', '터지고 있어', '내일은 말을 걸어봐야지', '바람을 맞고 빗물에 젖어', '나의 색감도 흐려지겠지만', '너는 항상 빛에 반짝일 테니까', '멋진 말들을 전하지 못하고', '아무도 관심 없는 그림이 되겠지만', '달콤한 색감은 감추지 못해', '터지고 있어', '내일은 말을 걸어봐야지', '그냥 이 노래가 어떨까 싶어']"
40,정이라고 하자 (Feat. 10CM),"['갓 10대가 됐을 때', '그때 내가 널 보지 못했다면', '어땠을까 해', '흐린 추억 속에 네게 안겨 잠드네', '나는 또 네 얘기를 꺼내', '보고 싶다는 넋두리에', '친구들 답은 뻔해', '10년도 더 된 애를 사랑할 수 있냬', '이제 그만 잊으래', '근데 그게 잘 안돼', '그래 걔 말마따나', '넌 아담의 사과일 수도', '네 전화 바로 픽업', '지금 주소 찍어', '어디든 상관없어 다 갈 테니까', '그건 사랑이 아냐', '그건 미련이 아냐', '그냥 정이라고 하자', '임마 네가 뭘 알아', '이건 사랑이 맞아', '분명 약속했단 말이야', '그 자리에 그대로', '두고 온 기억들을', '더듬고 있을 때면', '그건 사랑이 아냐', '그건 미련이 아냐', '그냥 정리하고 가자', '아메리카노보단 라떼를', '맛있게 내리던 네 집 앞 카페를', '매일 같이 갔었었던 그때를', '내려줄게 쓰지 않아 이제는', '넌 매일 밤 예뻐 예뻐', '해주며 날 재워 재워', '식어버린 널 데워 태워', '꿈에서 날 깨워 줘', '버려진 기억들 속에서', '쓸만한 컷들을 찾고 있어', '이미 내 곁에 더는 없는 너지만', '난 너를 느낄 수 있어', '닿을 듯 안 닿을 듯', '떠나는 뒷모습이', '왜인지 행복해 보여', '너라도 행복해줘', '그건 사랑이 아냐', '그건 미련이 아냐', '그냥 정이라고 하자', '임마 네가 뭘 알아', '이건 사랑이 맞아', '분명 약속했단 말이야', '그 자리에 그대로', '두고 온 기억들을', '더듬고 있을 때면', '그건 사랑이 아냐', '그건 미련이 아냐', '그냥 정리하고 가자', '그건 사랑이 아냐', '그건 미련이 아냐', '그냥 정이라고 하자', '임마 네 말이 맞아', '이건 사랑이 아냐', '그냥 정리하고 가자']"
41,그 겨울이 잠든 거리에서,"['혼자만 마음 졸이면서 지내 온 지가', '벌써 몇 달째 인지 모르겠어', '창밖에는 내 맘 모르는 듯이', '흰 눈이 아름답게 내려오고', '아련해진 이 밤에 문득 잠시', '너에게 전활 걸 수 있다면', '좋을 텐데 널 만났던 날처럼', '이런 생각에 또 잠 못 들다가', '홀로 집을 나와 걷네', '그 겨울이 잠든 거리에서', '너의 모습 한참 그려보다', '그때 못 전한 말 생각이 나', '자존심 땜에 하지 못했던 말', '내가 미안해 헤어지지 말자', '홀로인 겨울 넌 잘 지내겠지만', '한 번은 꼭 날 그리워했음 좋겠어', '혼자서 화려한 불빛들 가득한 거릴', '한참 동안을 걷고만 있는 나', '나만 빼고 모두 행복해 보여', '그땐 당연하게 생각했었던', '항상 곁에 있던 너의 존재가', '왜 자꾸만 커져 가는 건지', '후회만 가득히 나를 채워가', '어둔 내 삶에 선물처럼 왔던', '널 지켜야 했었는데', '그 겨울이 잠든 거리에서', '너의 모습 한참 그려보다', '그때 못 전한 말 생각이 나', '자존심 땜에 하지 못했던 말', '내가 미안해 헤어지지 말자', '홀로인 겨울 넌 잘 지내겠지만', '한 번은 꼭 내 생각이 났음 좋겠어', '시간 지나고 나니 이렇게 소중한데', '지금에 우리라면 다를 것 같은데', '처음 그대로 널 사랑하는데', '만약에 너를 다시 만나면', '참았던 눈물 가득 차올라', '아무 말 못 하고 바라보다', '멍든 내 가슴 편히 예전처럼', '나아질 거 같아 너의 품 안에서', '가만히 오래 꼭 안겨 눈을 맞고파', '사랑했던 그날처럼 그냥 서로 그대와', '시간을 되돌려 꿈만 같던', '그때 그 겨울로 돌아가면', '너에게 하고픈 말이 있어', '세상에 태어나 제일로 잘한 일', '널 만난 거라고', '늦어 버렸지만 용기 내 다시', '널 되돌리고 말 거야 그래야지', '그때 네게 못해줬었던 걸', '다 줄 수 있잖아']"
42,FEARLESS,"['멋진 결말에 닿게', '내 흉짐도 나의 일부라면', '겁이 난 없지 없지', '다치지 않게 다치 다치지 않게', '욕심을 숨기라는 네 말들은 이상해', '겸손한 연기 같은 건 더 이상 안 해', '멋진 결말에 닿게', '내 흉짐도 나의 일부라면', '겁이 난 없지 없지', '다치지 않게 다치 다치지 않게', '더는 없어 패배', '다치지 않게 다치 다치지 않게']"
43,취중고백,"['뭐하고 있었니 늦었지만', '잠시 나올래', '너의 집 골목에 있는', '놀이터에 앉아 있어', '친구들 만나서 오랜만에', '술을 좀 했는데', '자꾸만 니 얼굴 떠올라', '무작정 달려왔어', '이 맘 모르겠니', '요즘 난 미친 사람처럼', '너만 생각해', '대책없이 네가 점점 좋아져', '아냐 안 취했어 진짜야', '널 정말 사랑해', '눈물이 날만큼 원하고 있어', '정말로 몰랐니', '가끔 전화해 장난치듯', '주말엔 뭐할거냐며', '너의 관심 끌던 나를', '그리고 한번씩 누나 주려 샀는데', '너 그냥 준다고', '생색 낸 선물도 너 때문에 산거야', '이 맘 모르겠니', '요즘 난 미친 사람처럼', '너만 생각해', '대책없이 네가 점점 좋아져', '아냐 안 취했어 진짜야', '널 정말 사랑해', '진심이야 믿어줘', '갑자기 이런 말 놀랐다면 미안해', '부담이 되는게 당연해', '이해해 널', '지금 당장 대답하진마', '나와 일주일만 사귀어줄래', '후회없이 잘 해주고 싶은데', '그 후에도 니가 싫다면', '나 그때 포기할게', '귀찮게 안할게 혼자 아플게', '진심이야 너를 사랑하고 있어']"
44,"나침반 (Feat. UNEDUCATED KID, 수퍼비 (SUPERBEE)) (Prod. R.Tee)","['시작했어 처음엔 밑', '이젠 올라갈 거야 저 위', '절대로 안 돌아봐 뒤', '우린 쫓아가 저 멀리 빛', '시작했어 처음엔 밑', '이젠 올라갈 거야 저 위', '절대로 안 돌아봐 뒤', '우린 쫓아가 저 멀리 빛', '내 삶의 나침반', '가리켜 한 곳만', '내 삶의 나침반', '가리켜 한 곳만', '내 삶의 나침반', '가리켜 한 곳만', '내 삶의 나침반', '가리켜 한 곳만', '참 많이도 헤맸지', '이리저리 치여가며', '억지로 키워낸 내 맷집', '절대 안 들어 백긴', '아직도 거리 냄새가 찐히 베있지', '엄마 없이 자란 놈', '근데 울 아빠는 자린고비로', '날 키우지 않았고', '그게 뜨겁게 해 내 엔진', '준비돼있으니', '너가 어떤 말을 해도', '나는 멈출 수가 없어', '맞았지 내 느낌이', '저 위로 향했었지 미리', '지금이 시기', '들어왔지 깊이', '이제는 편안하게 앉아', '때워대지 끼니', '달라진 내 위치', '보여줬지 진심', '결국에 지금 내', '몸에선 나지 환한 빛이', '바닥에서 맨 위', '이제는 내가 가려주지', '할머니의 새치', '재개발 구역에서', '밀려 나와 살았지만', '꼭 내가 사다 줄게 원했었던 새집', '시작했어 처음엔 밑', '이젠 올라갈 거야 저 위', '절대로 안 돌아봐 뒤', '우린 쫓아가 저 멀리 빛', '시작했어 처음엔 밑', '이젠 올라갈 거야 저 위', '절대로 안 돌아봐 뒤', '우린 쫓아가 저 멀리 빛', '내 삶의 나침반', '가리켜 한 곳만', '내 삶의 나침반', '가리켜 한 곳만', '내 삶의 나침반', '가리켜 한 곳만', '내 삶의 나침반', '가리켜 한 곳만', '뱀끼리 누가 더 뱀인지', '겨루는 뱀 싸움', '내가 체스판 위에 끼면', '똘똘 뭉쳐야 될 걸 뱀들끼리', '싸우지 말고 친하게 지내', '나 차는 바꿨어도 말은 안 바꿨어', '너넨 내가 버는 돈이', '위법이라 욕하곤', '화장 떡칠, 빌린 명품 & 체인', '나도 처음 3년 은따였고', '쓸데없이 까였고', '까보니 억까였지', '내 나침반 나다웠고', '시작했어 처음엔 밑', '이젠 올라갈 거야 저 위', '절대로 안 돌아봐 뒤', '우린 쫓아가 저 멀리 빛', '시작했어 처음엔 밑', '이젠 올라갈 거야 저 위', '절대로 안 돌아봐 뒤', '우린 쫓아가 저 멀리 빛', '내 삶의 나침반', '가리켜 한 곳만', '내 삶의 나침반', '가리켜 한 곳만', '내 삶의 나침반', '가리켜 한 곳만', '내 삶의 나침반', '가리켜 한 곳만', '내 나침반이 혹여 고장 난대도', '난 내 직감대로 움직여 계속', '좋아서 시작했지만서도', '힘들 때가 있지 내게도 때론', '근데 반대로 너무 쉽기만 하면', '재미없잖아 너무나 당연했담', '어땠을까 과연', '실패랑 친구를 맺었더니', '소개를 받았어', '성공이란 그놈을 드디어 만났어', '멈출 수가 없지', '잠깐의 인사만 하고', '다시 가야 돼 멀리', '저기 얼타는 자식들과의', '차이를 벌리지', '저 애매한 자식들 싸그리 정리', '강자만 살아남아 여긴 정글의 법칙', '그래서 내가 여기 있지', '시작했어 처음엔 밑', '이젠 올라갈 거야 저 위', '절대로 안 돌아봐 뒤', '우린 쫓아가 저 멀리 빛', '시작했어 처음엔 밑', '이젠 올라갈 거야 저 위', '절대로 안 돌아봐 뒤', '우린 쫓아가 저 멀리 빛', '내 삶의 나침반', '가리켜 한 곳만', '내 삶의 나침반', '가리켜 한 곳만', '내 삶의 나침반', '가리켜 한 곳만', '내 삶의 나침반', '가리켜 한 곳만']"
45,나의 X에게,"['우리 다시 만날래', '예쁘게 빛나던', '모든 추억들이', '너무 그리워', '너의 품에 안길래', '이 밤이 새도록', '네게 말할 거야', '너를 좋아한다고', '안녕 그대야', '요즘 어떻게 지내', '가로수길 걷다가', '생각이 나서', '행복해 보이는 사람들 속에', '우리 둘만 없어서', '어색했었어', '늘 집에 갈 땐', '항상 뒤돌아보면', '날 보며 웃어주던', '네가 생각났어', '우리 다시 만날래', '예쁘게 빛나던', '모든 추억들이', '너무 그리워', '너의 품에 안길래', '이 밤이 새도록', '네게 말할 거야', '너를 좋아한다고', '토요일마다 가던', '한강공원에', '이어폰 하나씩', '나눠끼고서', '벚꽃엔딩같이 듣고 있으면', '부러울 게 없었어', '너만 있으면', '널 사랑할 때', '내가 너무 그리워', '날 보며 웃어주던', '네가 보고 싶어', '우리 다시 만날래', '예쁘게 빛나던', '모든 추억들이', '너무 그리워', '너의 품에 안길래', '이 밤이 새도록', '네게 말할 거야', '너를 좋아한다고', '같이 별 보러 갈래', '널 다시 만나면', '네 옆에 기대서', '잠들고 싶어', '너의 품에 안길래', '이 밤이 새도록', '내 곁에 있어줘', '내겐 너뿐이라고']"
46,우리들의 블루스,"['잊지는 말아요 함께 했던 날들', '눈물이 날 때면', '그대 뒤를 돌아보면 돼요', '아프지 말아요 쓸쓸한 마음에', '힘든 일이 참 많았죠 그대에겐', '내가 곁에 있을게요', '그댈 위해 노래할게요', '잊지 말아요', '그댈 위해 약속할게요', '언젠가 우리 시간 지나면', '알게 되겠죠', '그땐 웃을 수 있죠 나 약속할게요', '그땐 미소 짓겠죠', '작은 행복까지 모두', '외롭고 지칠 때 손잡아 줄게요', '슬픔이 짙어질 때면 위로해 줄', '그 한 사람이 될게요', '그대 부디 울지 말아요', '슬퍼 말아요', '그대에게 빛이 될게요', '언젠가 우리 시간 지나면', '알게 되겠죠', '그땐 웃을 수 있죠 나 약속할게요', '폭풍 속에 혼자 남아 헤매도 오', '길이 되어 지킬게요 그대', '그댈 위해 노래할게요', '잊지 말아요', '그댈 위해 약속할게요', '어두운 길을 밝게 비추는', '그대의 빛이 될게요']"
47,ELEVEN,"['따분한 나의 눈빛이', '무표정했던 얼굴이', '널 보며 빛나고 있어', '내 입술을 간지럽힌 낯선 그 이름', '난 몰랐어 내 맘이 이리 다채로운지', '춤을 추곤 해 실컷 어지러울 만큼', '한 칸 더 채우고 있어', '잘 봐 1, 2, 3, 4, 5, 6, 7', '투명한 너와 나의 사이', '가만히 들여다보다', '일렁인 물결 속으로', '더 빠져드는 걸', '셀 수 없이 반복해도 기분 좋은 꿈', '감히 누가 이렇게 날 설레게 할 줄', '난 몰랐어 내 맘이 이리 다채로운지', '춤을 추곤 해 실컷 어지러울 만큼', '한 칸 더 채우고 있어', '잘 봐 1, 2, 3, 4, 5, 6, 7', '내 앞에 있는 너를', '그 눈에 비친 나를 (그 눈에 비친 나를)', '내 앞에 있는 너를', '그 눈에 비친 나를', '가만히 바라봐', '서둘러 오진 마', '이 순간이 좋아 난', '미처 몰랐어 내 맘이 이리 다채로운지', '춤을 추곤 해 실컷 어지러울 만큼', '한 칸 더 채우고 있어', '잘 봐 1, 2, 3, 4, 5, 6, 7', '내 앞에 있는 너를', '그 눈에 비친 나를', '내 앞에 있는 너를', '그 눈에 비친 나를', '사랑하게 됐거든']"
48,다정히 내 이름을 부르면,"['끝없이 별빛이 내리던 밤', '기분 좋은 바람이', '두 빰을 스치고', '새벽 바다 한곳을 보는', '아름다운 너와 나', '그림을 그려갔어', '모래 위 떨린 손끝으로', '날 향해 웃어주는 입술', '끝 모양과 저 달보다', '사랑스러운 두 눈을 가진 네가', '다정히 내 이름을', '부르면 내 마음이', '녹아내려 언제나', '나 하날 위해 준비된', '선물 같아 널 안으면', '잠들지 않는 바다 위를', '너와 함께 걷는 거 같아', '하늘 아래 너와 나', '남은 내 모든 날을 너에게', '다 줘도 안 아까워', '이제서야 내가', '사랑에 눈을 뜬 건 가봐', '경험하지 못했고', '믿기지 않는 일만', '일어나고 있는 거 아니', '5월에 피는 봄꽃 처럼', '내 사랑도 피어나', '부는 바람에 살며시 실어 보내', '다정히 내 이름을', '부르면 내 마음이', '녹아내려 언제나', '나 하날 위해 준비된', '선물 같아 널 안으면', '잠들지 않는 바다 위를', '너와 함께 걷는 거 같아', '하늘 아래 너와 나', '설레는 지금이', '꿈이 아닌 걸 알잖아', '난 더 바랄 게 없어', '먼 훗날 내 생애', '아주 작은 소리로', '귓가에 말할 거야', '내 곁에 머물러줘서', '마음 다해 고맙다고', '어떤 말로도 표현 못 할', '내 인생의 전부였다고', '이 순간 너를 꼭 안고', '고백할게 언제나', '우리 모든 날들과', '별빛 아래 우리 그림자', '제일로 특별하다고', '길고 긴 겨울 끝을 지나', '너의 앞에 서있는 지금', '선명한 목소리로', '널 사랑한다고', '말할게']"
49,우린 그렇게 사랑해서,"['밤하늘, 손을 잡으면 기분이 좋다며', '옅은 웃음 띠며 나에게 말하다', '너는 슬픈 노래를 불렀는데', '그게 우리 둘의 주제곡 같았어', '하루는 순진한 눈으로 나를 바라보며', '매일 두 손 모아 하늘에 빈다고', '우리 둘의 시간이 영원하길', '그게 참 아팠는데 그립기도 하더라', '둘이 가던 둘이만 알던', '수많은 거리 그 위로', '하루하루 쌓여만 가던', '소중했던 추억 그 위로', '우리 다시 돌아갈 수 있을까 알아', '결코 닿을 수 없는 시절의 우리', '그때는 이해할 수 없던', '너의 그 마지막', '이젠 선명하게 다 알 것 같았어', '그래 우린 그렇게 사랑해서', '뻔한 이별마저도 우리다웠던 거야', '둘이 가던 둘이만 알던', '수많은 거리 그 위로', '하루하루 쌓여만 가던', '소중했던 추억 그 위로', '우리 다시 돌아갈 수 있을까 알아', '결코 닿을 수 없는 시절의 우리', '그때의 우리처럼', '둘이 가던 둘이만 알던', '어설프던 풍경 그 위로', '자라나고 쌓여만 가던', '어리숙한 모습 그대로', '이제 다시 돌아가면 어떨까 그래', '결코 보낼 수 없는 시절의 우리']"
50,보고싶었어,"['너를 정말 사랑했나 봐 아직도 널 못 잊었나 봐 자꾸만 생각나', '시간은 왜 자꾸 나에게 아픈 기억은 다 지우고 좋은 추억만 남아', '우 함께 울고 웃던 계절에 다시 만난다면', '보고싶었어 사랑했던 그때의 너와', '니 곁에 그리고 나 널 바라만 봐도 눈물 나게', '마냥 좋았어 너에게 못다 한 그 말', '조금은 늦었겠지만 아직 널 사랑한다고 말야', '라라라 라라라라랄랄라 라라라라랄랄라', '보고싶었어', '라라라 라라라라랄랄라 라라라라랄랄라', '너도 내 맘 같기를', '그땐 정말 어렸었나봐 사랑을 잘 몰랐었나 봐', '그게 마음이 아파', '우 오늘처럼 눈부신 날에 다시 만난다면', '보고싶었어 사랑했던 그때의 너와', '니 곁에 그리고 나 널 바라만 봐도 눈물 나게', '마냥 좋았어 너에게 못다 한 그 말', '조금은 늦었겠지만 (늦었겠지만) 아직 널 사랑한다고', '꽃 피는 봄이 온 것처럼', '당연한 듯 내곁에 머물 줄만 알았어 (항상)', '주는 게 사랑이란 걸 그때야 난 깨달았어', '니가 떠난 후에야', '나 너에게 참 고마웠다고 벅차 행복했다고', '사랑을 가르쳐 준 니가 참', '보고싶었어 (보고싶었어) 너에게 듣고 싶은 말', '아직 늦지 않았다고 (늦지 않았다고) 너도 날 기다렸다고 말야', '라라라 라라라라랄랄라 라라라라랄랄라', '라라라 라라라라랄랄라 라라라라랄랄라', '너도 내 맘 같기를']"
51,떠나보낼 준비해 둘걸 그랬어,"['너랑 입으려 고른 옷 오늘 받아봤어', '오래 걸려서 잊고 있었는데', '곧 있을 너의 생일에 예약해놨던', '커플링마저 취소를 했어', '우리 헤어지는 게 이젠 혼자라는 게', '아직 실감이 안 나는데 난 어떡할까', '너를 떠나보낼 준비해 둘걸 그랬어', '나랑 있으면', '어떤 불편도 괜찮은 줄만 알았어', '다급히 네 맘을 붙잡으려 해도', '이미 마음 정해버린', '너의 대답에 아무 말 못 하던', '끝까지 바보 같던 내가 싫어', '멍하니 있다가도 전화벨이 울리면', '네 목소리가 들릴 것 같아 어떡할까', '너를 떠나보낼 준비해 둘걸 그랬어', '나랑 있으면', '어떤 불편도 괜찮은 줄만 알았어', '다급히 네 맘을 붙잡으려 해도', '이미 마음 정해버린', '너의 대답에 아무 말 못 하던', '끝까지 바보 같던 내가 싫어', '날 보기 싫겠지만', '어떻게든 널 붙잡고 싶은데', '널 되돌릴 방법이 없어', '네가 없는 나의 하루는', '아무것도 잡히지가 않아', '다 미안해 보고 싶어', '사랑한다는 말 많이 해줄 걸 그랬어', '사랑받으면 예뻐진다는데', '나 땜에 많이 야위었어', '마지막 가는 길 데려다준대도', '괜히 맘 약해진다며', '뒤도 안 보고 서둘러 떠나던', '너의 맘은 그동안 어땠을까']"
52,That's Hilarious,[]
53,"모든 날, 모든 순간 (Every day, Every Moment)","['네가 없이 웃을 수 있을까', '생각만 해도 눈물이나', '힘든 시간 날 지켜준 사람', '이제는 내가 그댈 지킬 테니', '너의 품은 항상 따뜻했어', '고단했던 나의 하루에', '유일한 휴식처', '나는 너 하나로 충분해', '긴 말 안 해도 눈빛으로 다 아니깐', '한 송이의 꽃이 피고 지는', '모든 날 모든 순간 함께해', '햇살처럼 빛나고 있었지', '나를 보는 네 눈빛은', '꿈이라고 해도 좋을 만큼', '그 모든 순간은 눈부셨다', '불안했던 나의 고된 삶에', '한줄기 빛처럼 다가와', '날 웃게 해준 너', '나는 너 하나로 충분해', '긴 말 안 해도 눈빛으로 다 아니깐', '한 송이의 꽃이 피고 지는', '모든 날 모든 순간 함께해', '알 수 없는 미래지만', '네 품속에 있는 지금 순간 순간이', '영원 했으면 해', '갈게 바람이 좋은 날에', '햇살 눈부신 어떤 날에 너에게로', '처음 내게 왔던 그날처럼', '모든 날 모든 순간 함께해']"
54,LOVE me,"['대체 어디서 뭐 하는지 궁금해', '침대가 허전해 잠이 안 오잖아', '그 고민을 내게 털어놓던', '너의 표정이 아직 선명해', '소파에 벤 니 향기가 비릿해', '미리 알아도 난 이리', '멍청하게 행동을 해버린다니까', '어쩔 수 없어 널 보고 싶은걸', '어쩔 수 없어 널 보고 싶은걸', '나 아프더라도 몰라', '나 아프더라도 몰라', '어쩔 수 없어 널 보고 싶은걸', '어쩔 수 없어 널 보고 싶은걸', '말할까 내 불안에 불안을', '매일 빠져있던 너의 반지같이', '허전함 사이사이', '그 자리의 기회를', '너는 넘 빨리 들렀다 가기 땜에', '나는 타이밍 안 맞아 매일 바삐', '화를 내야 할지 아니면 그냥 아기처럼', '울어버리고서 떼를 써야 할지', '이러니 내가 노력해도', '시간이 없으니 어쩌겠어', '할 말이 하나밖에 더 있겠어', '어쩔 수 없어 널 보고 싶은걸', '어쩔 수 없어 널 보고 싶은걸', '나 아프더라도 몰라', '나 아프더라도 몰라', '어쩔 수 없어 널 보고 싶은걸', '어쩔 수 없어 널 보고 싶은걸', '어쩔 수 없어 널 보고 싶은걸']"
55,WE (Feat. 박재범) (Prod. by Slom),"['내 걸로 만들어', '구하지 우리 방식대로', '목소리 팔아서', '팔자 고친 아버지 딸내미', '공양미 300석 대신 받았어 큰 입지', '우황청심원 달고 살았던 카니발', '20살의 풋내기', '청춘을 세공한 값은 돌아오니까', '쓰러트려 마이크 타이슨', '넘어져도 칠전팔기', '오래 버티던 악바리만', '살아남았지 마지막엔', '오랜 시간 쏘아 올렸지', '이제 터질 시간', '여의도처럼 퍼퍼펑', '힘든 시간들은', '그전에 전에 잠깐', '성수동 그녀는 몰라 쉬는 법', '남녀노소 밤새 흔들어', '날이면 날마다 오는 기회가 아니니', '어서 날 택해', '드디어 세탁을 맡겼지', '어젯밤 눈물에 젖은 베개', '수많은 겨울을 지냈고', '이제는 토이고 올라갈 차례', '이경영처럼 시켜 진행', '그녀는 엉덩이를 흔들다 보니까', '밤이 깊어지네', '구하지 우리 방식대로', '까만 옷을 걸치고 걸어가지', '저 나쁜 놈들 갱생', '쳐다도 못 보네 얼굴', '떨어버리네 벌벌', '우린 항상 위를 봐', '우산이 필요해 종이가 자꾸 내려와', '돈이 아니어도 우린 계속하지', '예술가니 어쩔 수가 없는 거지', '그 뒤에 진짜 얘기들이 궁금해', '그랬더니 돈이 내 뒤를 따라왔어', '돌고 돌아라 지구는 둥그네', '눈멀어도 좋아', '보지 말라는 곳을 뚫어져라 보고', '언젠가 가 있을 테니', '비노 영지 토이고 켠이형 세인이 캄보', '구하지 우리 방식대로', '신세인 낮밤을 반납한 값', '다 따고 갈 맘 채비 갖고', '내 발로 간다고', '누구 술자리 낄 시간에', '빠져서 만들은', '앨범이 내 피사체', '아니 피가 된 지금은 혈관들이', '이제는 누군가의 선수', '걱정하던 점쟁이', '엄마는 기억도 못 하더라고', '그런데 난 필요해서', '냅두는 편이 낫겠어', '한국 힙합 지금이 재미 볼 때야', '네가 잠에 들 때야', '우린 깨어나 저 구름 위', '다크서클 같은 날개를 펼치는 중이지', '밥은 먹고 다니냐 새꺄', '내가 뭔 짓 하러 왔는지', '아직도 얘넨 잘 모르겠지', '나쁜 새끼들 잡으러 가', '내 걸로 만들어', '구하지 우리 방식대로']"
56,내 기쁨은 너가 벤틀리를 끄는 거야,"['가끔은 쉽게 발을 빼', '분명 네 꿈 짓밟기 위해', '신발을 사는 사람 있을 테니', '취소가 불가능해 많은 사람들한테', '네 말은 세상 비슷한 걸 테니까', '참아야 해 아무 답이 없대', '남겨지긴 싫고 떠나는 것도 두려워', '사람은 잘만 왔다가 떠나는데', '선택지가 있는데 안 좋은 결정했대', '난 돈은 그럴 때 쓰려고 버는 건데', '난 지켜야만 하는 게 너의 자존심인데', '다 지키면서 살 수만은 없기에', '답이 없네 아무 답이 없네', '밖을 쳐다보았겠지만', '살짝 독해지는 걸 느껴 어른처럼', '짐을 싸고 떠날 거야', '거지 같은 거리에서', '벌어지는 많은 일 괜찮냐 물었어', '혼자 다 참아야만 했나 봐', '멀어지는 거지 같은 거리에서', '벌어지는 많은 일 괜찮냐 물었어', '혼자 다 삼켜야만 했나 봐', '넌 늘 아파하고 난 늘 도와주려고만 하지', '구해달라 한적 한번 없이', '혼자 붕대를 감지', '난 네 등 뒤에 있어 또 등은 손 안 닿고', '혼자 낑낑대는 너를 보면 장전된 총', '얼굴에 대고 살아가는 것만 같아', '넌 나무 위에 올라간', '새끼 고양이 같은 거 아니라고', '혼자 그냥 두라고 슬퍼하게 두라고', '혼자 슬퍼해서 좋을 건 또 뭔데', '수다나 떨길 바래', '세월 가면 잊혀질', '점수 따위에 연연하지 말고', '너의 하루가 매일 행복 일순 없겠지만', '내 역할은 그 사실을 부정하는 것', '널 다치게 한 하루를 용서하지도 말 것', '물밀려 오듯 올 거야', '그 위험은 다 나의 것', '넌 알아둬야 해 이걸', '언젠간 나 역시도', '무너져 버리고 말 거야', '이 거지 같은 세상에서', '혼자는 불가능하겠지만', '그때 가선 너의 가족을 꾸리게 될 거야', '너무 좋은 거래엔 항상 거짓이 섞여 있어', '사람을 곁에 두되 너무 믿지 말 것', '내가 너한테 그랬었던 것처럼 무조건', '너의 아이들을 절대적으로 지킬 것']"
57,첫사랑,"['알아 내 맘에 조용히', '문을 두드리면', '눈에 뿌옇게 고여버린', '널 흘려보내야 해', '기억은 저 빠른', '시곗바늘을 놓쳐', '처음 널 알아본', '마지막에 웃어보일거야', '사선을 트는 저 빛은', '날 향해 불을 피우고', '재가 되지 않으려', '난 돌아서지만', '빈 갈피에 차오른', '우리라는 색은', '완벽할 필요 없이', '아름다운 영화였어', '우리가 머문 밤 사이', '피어버린 심장소리에', '밤 하늘의 별을 이어', '널 그리는 걸', '이 시간의 난', '너와의 시간을 물 들이고', '첫사랑이라는', '이름으로 지어지나봐', '저 별도 달도 사랑한', '우리의 파란 하늘은', '손 닿을 필요 없이 부서진', '은하수인것 같아', '우리가 머문 밤 사이', '피어버린 심장소리에', '밤 하늘의 별을 이어', '널 그리는 걸', '이 시간의 난', '너와의 시간을 물 들이고', '첫 사랑이라는', '이름으로 지어지나봐', '이 시간의 난', '첫 사랑이라는', '이름으로 지워지나봐']"
58,I Don't Think That I Like Her,[]
59,다시 만날 수 있을까,"['너를 위해 해 줄 것이 하나 없어서', '보낼 수밖에 없었고', '네가 없이 사는 법을 알지 못해서', '순간순간을 울었다', '후회로 가득한 한숨 자락이', '시린 바람처럼', '가슴 치는 날 그 언젠가', '우리 만날 수 있을까', '다시 만날 수 있을까', '그리 좋던 예전처럼 그때처럼', '되돌아갈 수 있을까', '다시 우리가 만나면', '무엇을 해야만 할까', '서로를 품에 안고서', '하염없이 눈물만 흘려볼까', '붙잡을 마음이야 없었겠냐마는', '그때 난 부끄러웠다', '떳떳하게 일어나 널 다시 찾아갈', '뜨거운 꿈만 꾸었다', '둘이 함께 했던 순간순간이', '시린 폭포처럼', '쏟아지는 날 그 언젠가', '우리 만날 수 있을까', '다시 만날 수 있을까', '그리 좋던 예전처럼 그때처럼', '되돌아갈 수 있을까', '다시 우리가 만나면', '무엇을 해야만 할까', '서로를 품에 안고서', '하염없이 눈물만 흘려볼까', '그리운 마음이 서럽게 흘러넘쳐', '너에게 닿을 때', '우리 만날 수 있을까', '다시 만날 수 있을까', '그리 좋던 예전처럼 그때처럼', '되돌아갈 수 있을까', '다시 우리가 만나면', '무엇을 해야만 할까', '서로를 품에 안고서', '하염없이 눈물만 흘려볼까']"
60,밤하늘의 별을(2020),"['밤하늘의 별을 따서 너에게 줄래', '너는 내가 사랑하니까', '더 소중하니까', '오직 너 아니면 안 된다고', '외치고 싶어 그저', '내 곁에만 있어줘', '떠나지 말아줘', '참 많이 어색했었죠 널 처음 만난 날', '멀리서 좋아하다가 들킨 사람처럼', '숨이 가득 차올라서', '아무 말 하지 못했는데', '너는 말 없이 웃으며 내 손 잡아줬죠', '밤하늘의 별을 따서 너에게 줄래', '너는 내가 사랑하니까', '더 소중하니까', '오직 너 아니면 안 된다고', '외치고 싶어', '그저 내 곁에만 있어줘', '떠나지 말아줘', '널 좋아하는 내 마음이 표현이 안 돼', '꿈이 아니면 좋겠어 자꾸 웃음 나와', '내 모든 걸 다 준대도', '너에겐 아깝질 않아', '이 순간이 영원하길 난 정말 행복해', '밤하늘의 별을 따서 너에게 줄래', '너는 내가 사랑하니까', '더 소중하니까', '오직 너 아니면 안 된다고', '외치고 싶어', '그저 내 곁에만 있어줘', '떠나지 말아줘', '그저 내 곁에만 있어줘', '떠나지 말아줘', '많고 많은 사람 중에', '너를 만나서 행복하고 싶어', '두 번 다시 울지 않을래', '오직 내 눈에는 너만 보여', '나를 아껴줘 이제부터', '혼자가 아니야 우린 함께니까', '나나나 난난 난난나', '나나나 난난 난난나', '나 나나나 난난 난난나 나나난나', '나나나 난난 난난나', '나나나 난난 난난나', '나 나나나 난난 난난나 나나난나']"
61,새벽에 걸려온 너의 전화는,"['사랑한다 말하고 보고 싶다 말하고', '많은 걸 약속하고 미래를 꿈꾸던 날들', '내가 줬던 사랑이 당연해진 걸까', '언제부터 너의 맘이 변했을까', '갑자기 온 전화는 날 불안하게 만들어', '혹시 무슨 일 있는 건지 걱정을 하다', '다시 만나자고 하지는 않을까', '괜한 기대를 해 잠들 수 없어', '새벽에 걸려온 너의 전화는', '그리움보다는', '실수였다고 난 생각할게', '냉정하게 뿌리치고 매달렸던', '날 밀어낸 넌데', '뜨는 너의 이름에 눈물만', '미안한 마음이야 아쉬운 마음이야', '애써 날 위해 주는척한 행동인 거니', '받아볼까 하다 정신을 차렸어', '목소리를 들으면 울 것 같아서', '새벽에 걸려온 너의 전화는', '그리움보다는', '실수였다고 난 생각할게', '냉정하게 뿌리치고 매달렸던', '날 밀어낸 넌데', '뜨는 너의 이름에 눈물만', '상처받은 내 마음을 알아줘', '내가 아픈 만큼 더 힘들어줘', '내가 좀 유치해 보인다 해도', '새벽에 걸려온 너의 전화는', '울리는 단 몇 초의 벨 소리에', '널 미워한 맘이', '완벽히 무너질 것 같았어', '잊으려 몸부림치고', '내 삶에서 분명 지웠는데', '뜨는 너의 이름에 눈물만']"
62,Graduation,"['언제부터 일까 내 작은 생각들', '영원히 네 곁에 머물 수 있을까', '헤어짐이란', '상상 못한 남의 얘기들', '어떤 순간 날 얼어붙게 해', '시간이 가는 게', '싫을 만큼 따스했던', '반짝인 웃음 그리고 눈물', '누군가를 믿기 힘들 때', '항상 같은 자리에서', '날 위해 서 있어 준 너', '이제 난 그만 졸업하려고 해', '불안해하던 그 많은 날을', '기억해 이 벅찬 감정', '손 흔들어 안녕', '마지막 인사하고', '돌아서면', '날 기다린 세상으로 가', '미지의 별', '동경했던 여행을 시작할 때', '많이 행복하게 될 거야', '지금 이 기분을 네게', '전해야 할 텐데', '마치 눈보라 속 길을 밝히는 불', '그래 너만을 보고 걸어온 거야', '모두 변해도', '나의 세상 끝에 남은 너', '얼어붙어도', '저 은하수 녹일 거야', '우린 하얀 외계인 둘러봐', '지금 우리 둘 뿐야', '왜 언제나 부족한 것만 같던', '어쩔 줄 모르던', '오래전 내 안의 그 작은 어른', '낯선 걸음 그리고 더 멀리', '막연했었던 질문들', '답을 쫓아가', '길 잃은 밤의 공기', '잡은 순간 흩어지던', '창백한 푸른빛', '나 걷는 길 홀로', '외롭지 않다고', '그 끝엔 네가 서 있어', '길었던 밤을 떠나보내려 해', '너의 사랑을 너무 잘 아니까', '더는 두렵지가 않아', '손 흔들어 안녕', '마지막 인사하고', '돌아서면', '날 기다린 세상으로 가', '미지의 별', '동경했던 여행을 시작할 때', '많이 행복하게 될 거야', '이제 나는 단단히 서', '너를 감싸 안아 줄 거야', '천천히 더 커져가', '담을 것들 가득한 세상', '영원이란 걸 꿈꾸지는 않아', '지금을 빛나게 하면 돼', '마지막 한번 안아준 뒤에', '훨훨 보내주려 해', '캄캄한 밤들', '기억해', '손 흔들어 안녕', '마지막 인사하고', '돌아서면', '날 기다린 세상으로 가', '미지의 별', '동경했던 여행을 시작할 때', '많이 행복하게 될', '모두 떠나보낸 그다음 남은 건', '따스한 손의 온기 그리고 우리']"
63,주저하는 연인들을 위해,"['나는 읽기 쉬운 마음이야', '당신도 스윽 훑고 가셔요', '달랠 길 없는 외로운 마음 있지', '머물다 가셔요 음', '내게 긴 여운을 남겨줘요', '사랑을 사랑을 해줘요', '할 수 있다면 그럴 수만 있다면', '새하얀 빛으로 그댈 비춰 줄게요', '그러다 밤이 찾아오면', '우리 둘만의 비밀을 새겨요', '추억할 그 밤 위에 갈피를 꽂고선', '남몰래 펼쳐보아요', '나의 자라나는 마음을', '못 본 채 꺾어 버릴 순 없네', '미련 남길바엔 그리워 아픈 게 나아', '서둘러 안겨본 그 품은 따스할 테니', '그러다 밤이 찾아오면', '우리 둘만의 비밀을 새겨요', '추억할 그 밤 위에 갈피를 꽂고선', '남몰래 펼쳐보아요', '언젠가 또 그날이 온대도', '우린 서둘러 뒤돌지 말아요', '마주보던 그대로 뒷걸음치면서', '서로의 안녕을 보아요', '피고 지는 마음을 알아요', '다시 돌아온 계절도', '난 한 동안 새 활짝 피었다 질래', '또 한번 영원히', '그럼에도 내 사랑은', '또 같은 꿈을 꾸고', '그럼에도 꾸던 꿈을', '난 또 미루진 않을거야']"
64,흩어지지 않게,"['잠이 오지 않는 밤', '습관처럼 너를 그린다', '작은 소리에도 혹시나', '네가 흩어질까 겁이나', '보고싶었어 보고싶었어', '말은 하지 못하고', '메마른 한숨을 마신다', '머문 자리마다 추억은 태어나고', '노래는 그렇게 우리를', '다시 이어 붙여', '말하지 못한 수많은 그 얘기들은', '이제 지난 시간 속에 그대로 놔두고', '거기서 자라난 너와의 기억', '가만히 가슴에 새겨', '누구든 네가 그리울 때 언제라도', '여기 영원처럼 남겨진', '너의 빛나던 미소 하나하나 다', '모두 꺼내서 보여줄거야', '아무 일도 없듯이', '나의 시간은 또 흘러가', '애써 외면한 빈자리가', '커질수록 더 크게 웃어', '괜찮을거야 괜찮을거야', '마음을 달래봐도', '자꾸만 커지는 네 모습', '머문 자리마다 추억은 태어나고', '우리는 그렇게 노래가 되어', '말하지 못한 수많은 그 얘기들은', '이제 지난 시간 속에 그대로 놔두고', '거기서 자라난 너와의 기억', '가만히 가슴에 새겨', '누구든 네가 그리울 때 언제라도', '여기 영원처럼 남겨진', '너의 빛나던 미소 하나하나 다', '모두 꺼내서 보여줄거야', '이렇게 너를 안아', '흘러가는 시간에 맞서 기대어', '너를 바라본다', '말없이 전하는 너의 마음을', '가만히 가슴에 새겨', '누구든 네가 그리울 때 언제라도', '여기 영원처럼 남겨진', '너의 빛나던 미소 하나하나 다', '모두 꺼내어 주려해', '네가 흩어지지 않게']"
65,STAY,[]
66,"Flick (Feat. BE'O (비오), 김하온 (HAON)) (Prod. GroovyRoom)","['눈을 떴지', '난 둘러봐 여기 주위를', '누가 올라왔는지', '판을 다 뒤엎지', '있던 건 이제 없지', '이리 빨리 올라올지 예상 못 했어', '다들 견제해 툭 튀어나온 20', '저 밑에 있던 놈 어느새 옆에 있어', '머리부터 쭉 최신 부품', '내 밑으로 다 아래야 두 수는', '기교는 안 부려 랩으로 승부', '시퍼렇게 어린놈 이제는 꿈꾸지', '난 이기는 법만 배웠지', '바닥 건너뛰어도 이 길은 정말 험해', '눈을 떴지', '난 둘러봐 여기 주위를', '누가 올라왔는지', '판을 다 뒤엎지', '있던 건 이제 없지', '이제 바뀔 타이밍', '너의 나이는 마이너스 요인이 아님', '그냥 마인드의 차이지', '그럼 입 모아 말해 나처럼', '전에 건 다 잊어 맨 인 블랙', '너네가 앞에 가다 터진 부비트랩', '그렇게는 못하지 내가 어떻게 왔는데', '혼자서 땄지 내 돈과 내 무대 또 명예', '아마도 너네는 못 잡겠지 포기해', '모두 쉬쉬할 때 안 해 회피', '나의 타이틀은 그거야', '제공해 새로운 걸 매번', '울려 내 폰', '피처링 제의는 30통', '내밀어 세종', '내 앞에서', '고작 그 정도로는 안 먹혀', '다 필요 없고 새로운 것들을 제시해', '대세인 척 행세', '무슨 맹세는 무슨 맹세 그냥 해체', '욕은 다 받아먹고', '이 무대는 승리하지 결국', '그래 아마 너네가 하는 욕들이', '여긴 나의 고문장 근데 제 발로 돌아왔어', '다음 세대라 말할 거면 이 정도는 버텨', '고인 물에 있다가는 너까지 다 코 꿰어', '높여 기준 우리들의 본편', '이 뒤로 가 더 중요해', '이제는 지킬 것들이 생기기에', '내 어깨 비록 무거워져도', '내가 원한 것들 이뤄내기 위해서는', '당연히 짊어져야 할 것들 많지만', '이겨내지 뭐', '나의 우상들은 옛말이 되어버렸지', '그들의 민낯을 볼 때마다 난 되뇌었어', '진화의 반대말은 무변화라고', '변화에 대비해', '뛰어나고 탁월해 우리의 움직임은', '모든 싸움에 난 준비되어 있어', '다리 꼬고 팔짱 끼고 삐딱한 태도로', '어디 한번 해보라는 식이던데', '머리 꼭대기 위에서', '시간이 날 때마다 랩했지', '난 대학교 대신 이걸 택했지', '넌 이방인이자 그냥 새내기', '눈을 떴지', '난 둘러봐 여기 주위를', '누가 올라왔는지', '판을 다 뒤엎지', '있던 건 이제 없지']"
67,That That (prod. & feat. SUGA of BTS),"['20 22', '우리 다시 웃고 울고 지지고 볶고', '뻑적지근해', '걸쩍지근해', '시끌벅적거리네', '너무 좋아 북적거리네', '야 내가 뭐 하는 사람인지 까먹었지?', '시간이 지나도 변함없이', '내가 바라보고 바라왔던 사람들아', '되려 늘어난 맷집 때리던 분이 불편하겠지', '너네 바람대로 망할 거라 고사 지낸', '사람들을 모아다가 가볍게 때찌', '민윤기와 박재상']"
68,봄여름가을겨울 (Still Life),"['이듬해 질 녘 꽃 피는 봄 한여름 밤의 꿈', '가을 타 겨울 내릴 눈 1년 네 번 또다시 봄', '정들었던 내 젊은 날 이제는 안녕', '아름답던 우리의 봄 여름 가을 겨울', '비스듬히 씩 비웃듯 칠색 무늬의 무지개', '차이코프스키, 오늘의 사계를 맞이해', '마침내, 마치 넷이 못내', '떠난 사람 또 나타난 사람', '머리 위 저세상', '지난 밤의 트라우마 다 묻고', '목숨 바쳐 달려올 새 출발 하는 왕복선', '변할래 전보다는 더욱더', '좋은 사람 더욱더', '더 나은 사람 더욱더', '아침 이슬을 맞고 내 안에 분노 과거에 묻고', '울었던 웃었던 소년과 소녀가 그리워 나', '찬란했던 사랑했던 그 시절만 자꾸 기억나', '계절은 날이 갈수록 속절없이 흘러', '붉게 물들이고 파랗게 멍들어 가슴을 훑고', '언젠가 다시 올 그날 그때를 위하여 (그대를 위하여)', '아름다울 우리의 봄 여름 가을 겨울', '이듬해 질 녘 꽃 피는 봄 한여름 밤의 꿈', '가을 타 겨울 내린 눈 봄 여름 가을 겨울']"
69,Dynamite,[]
70,Make It To Christmas,[]
71,Love story,"['날 좋아하던 그때', '수줍게 꽃을 건네던 너에게', '웃으며 손을 내밀었지', '온통 둘뿐인 밤거릴 걷다가', '너와 눈이 마주친 그날', '달빛에 비춰진 우리의 흩어진 잔상', '너의 이야기에 취해', '밤하늘의 별이 쏟아질 것만 같은 기분', '날 바래다준 그때', '수줍게 인사를 건네던 너에게', '살며시 입을 맞추었지', '한 손엔 진한 커피', '우리가 새긴 별자릴 찾다가', '너와 눈이 마주친 그날', '달빛에 비춰진 우리의 흩어진 잔상', '너의 이야기에 취해', '밤하늘의 별이 쏟아질 것만 같은 기분', '그래 니가 내 옆에 있는 꿈', '붉게 물들어진 우리의 오래된 잔상', '너의 이야기에 취해', '온 세상의 별이 쏟아질 것만 같은 기분']"
72,으리으리 (Feat. 호미들),"['데이지 우릴 만졌다간', '너무 뜨거워서 데이지', '새치기 고작 3년 만에', '우린 차트 위로 새치기', '으리 으리 우리 의리', '으리 으리 우리 의리', '으리 으리 우리 의리 (의리, 의리)', '으리 으리 우리 의리', '으리 으리 우리 의리 (의리)', '으리 으리 우리 의리', '의리', '의리', '얘가 이제는 대표', '인천에서 왔어 버스 타고 와서', '택시 타고 집에 갈 놈', '12에는 내 삶이 담겨있지 필요해', '근데 아냐 연예인병', '으리 으리 우리 의리', '으리 으리 우리 의리', '으리 으리 우리 의리 (의리, 의리)', '으리 으리 우리 의리', '으리 으리 우리 의리 (의리)', '으리 으리 우리 의리', '의리', '의리', '요즘 현실에는 맞아 엄만 퇴사 처리', '첫 번째로 나온 아들이', '랩을 하고 둘째 놈은 비트로 밥벌이', '우리들이 만든 소린 야밤에도', '뜨게 하지 엄마 크리', '아들의 아들의 아들이', '먹고 살 때까지 평생 배불리', '명품을 선물해 내 여자는 찌릿', '비실이 먹어서 몸이 커지지 내 깽값', '너는 새끼야 땜빵', '그래 평생만 잿밥', '네 술자리는 안가', '난 랩 안 뱉으면 속에 불참', '새벽부터 새벽까지 일,', '윗집에겐 내가 수탉', '우리 카니발은 전국을 다녀', '호미들 다섯 우린 돈', '백화점에 가면 난 갈 때랑', '올 때랑 착장이 바뀌어', '이제 아빠랑 엄마랑 빚', '전화 따위는 나에게 맡겨', '1년 동안 하루도 빠짐없이', '꽉 차버린 내 달력', '내 지갑은 카사노바인가 봐', '여자들만 매달려', '으리 으리 우리 의리', '으리 으리 우리 의리', '으리 으리 우리 의리 (의리, 의리)', '으리 으리 우리 의리', '으리 으리 우리 의리 (의리)', '으리 으리 우리 의리', '의리', '의리']"
73,이제 나만 믿어요,"['무얼 믿은 걸까 부족했던 내게서', '나조차 못 믿던 내게 여태 머문 사람', '무얼 봤던 걸까 가진 것도 없던 내게', '무작정 내 손을 잡아 날 이끈 사람', '최고였어', '그대 눈 속에 비친 내 모습', '이제는 내게서 그댈 비춰줄게', '궂은 비가 오면', '세상 가장 큰 그대 우산이 될게', '그댄 편히 걸어가요', '걷다가 지치면', '내가 그대를 안고 어디든 갈게', '이제 나만 믿어요', '나만 두고 가던', '나만 스쳐 간 행운이 모여', '그대가 되어서 내게 와준 거야', '궂은 비가 오면', '세상 가장 큰 그대 우산이 될게', '그댄 편히 걸어가요', '걷다가 지치면', '내가 그대를 안고 어디든 갈게', '이제 나만 믿어요', '나의 마지막 주인공이 되어', '다신 누구 앞에서도', '그대는 고개 숙이지 마요', '내가 보지 못했던 홀로 고단했던 시간', '고맙고 미안해요 사랑해요', '이 세상은', '우리를 두고 오랜 장난을 했고', '우린 속지 않은 거야', '이제 울지 마요', '좋을 땐 밤새도록 맘껏 웃어요', '전부 그대 꺼니까', '그대는 걱정 말아요', '이제 나만 믿어요']"
74,FOREVER 1,"['네가 머문 이 세상이 더', '아름다운 건', ""겁 없이 외치던 말 '사랑해 너를'"", '영원하기에', '터지는 눈물이', '말하잖아', '난 그냥 전부 던진 거야', '아무런 망설임 따위도', '멋대로 끌렸던 그대로', '우리는 영원', '전율 속에 뜨거운 그 맘을 던져', '날 꼭 안아 절대 놓치지 마', '가슴이 뛰잖아', '다시는 아파하지 마', '너의 마음을', '우린 다 알아', '다 알아', '내 곁에 있어 줘', '이 순간도 마지막처럼', '우리는 영원', '전율 속에 뜨거운 그 맘을 던져', '언제나 너의 곁에 있고 싶은데', '널 생각하면 강해져', '우리 꼭 영원하자', '우리 머문 이 세상에서', '네게 말했어', '다시 태어나도 널 사랑할게', '모든 것 내 전부인 너 (전부인 너)', '전율 속에 (그 전율 속에)', '뜨거운 그 맘을 던져']"
75,도깨비불 (Illusion),"['이건 비밀이야 쉿 우리만의', '어쩌니 내게 뺏겨버린 환심', '겁내지 말고 이리 온', '겁내지 말고 이리 온', '예상 못 한 순간 등장하지 불쑥', '알아도 막을 수 없는 반칙', '겁내지 말고 이리 온', '겁내지 말고 이리 온', '멀리멀리 달아나도 소용없어 이미', '겁내지 말고 이리 온', '겁내지 말고 이리 온']"
76,눈이 오잖아(Feat.헤이즈),"['한 달 좀 덜 된 기억들', '주머니에 넣은 채', '걷고 있어 몇 시간을', '혹시 몰라 네가 좋아했던', '코트를 입은 채', '나온 번화가 그때 마침', '찬바람 막아줄', '네가 이젠 없으니까', '추울 때 따스히', '안아줄 이가 없으니까', '친구들이 불러도', '나갈 수 없어 난', '창문 너머', '그저 바라봐 그때 마침', '눈이 오잖아', '우리 처음 만난 그 밤에도', '한참 동안 눈이 왔잖아', '지금 내가 생각나지', '않을 리가 없잖아', '눈이 오잖아', '그때 내가 밤하늘 내린', '하얀 눈 예쁘다 했잖아', '그랬잖아', '지금 눈이 오잖아', '이 말 핑계인 걸 알지만', '생각에 잠기곤 해', '거릴 거니는 내', '곁에 아무도 없을 때', '더 크게 들리네', '이제 인정하자', '수많은 끝도 끝났어', '찬란한 그때의', '우린 이젠 없으니까', '돌아온 계절', '남아있는 건 없으니까', '추억을 지우는 게', '내 이별의 숙제', '창문 너머', '그저 바라봐 그때 마침', '눈이 오잖아', '우리 처음 만난 그 밤에도', '한참 동안 눈이 왔잖아', '지금 내가 생각나지', '않을 리가 없잖아', '눈이 오잖아', '그때 내가 밤하늘 내린', '하얀 눈 예쁘다 했잖아', '그랬잖아', '지금 눈이 오잖아', '마지막 안녕이 남은 거리에서 혼자', '너와의 약속들을 되뇌었어', '함께여야 할 너 없는 이 겨울의', '첫눈이 오잖아', '눈이 오지만', '우리 처음 만난 그 밤에도', '내렸던 그 눈이 오지만', '주머니 속 챙겨 나온 기억', '버려야만 해', '눈이 오지만', '우린 이대로의 모습으로', '남아있는 게 맞지만', '그래도', '지금', '그 눈이 오잖아']"
77,London Boy,"['꿈에 그리던 그곳 난 여기 있어', '저 푸른 바다 위로 널 닮은 하늘', '드넓은 공원 안에 널 담은 향기', '가는 모든 곳마다 난 네가 보여', '나지막한 소리가 들려와', '수많은 별들 사이 너에게', '세상 누구보다 널 사랑해', '모든 힘 다해 너를 불러', '널 만나고 난 변했어', '세상 누구보다 널 사랑해', '모든 힘 다해 너를 불러', '셰익스피어, 처칠, 비틀즈, 숀 코네리', '해리포터, 데이비드 베컴 모든 게 있어', '행복은 너와 함께 즐기는 거야', '내 모든 걸 다 줘도 아깝지 않아', '나지막한 소리가 들려와', '수많은 별들 사이 너에게', '세상 누구보다 널 사랑해', '모든 힘 다해 너를 불러', '널 만나고 난 변했어', '세상 누구보다 널 사랑해', '모든 힘 다해 너를 불러', '널 만나고 내가 변했다', '세상 누구보다 널 사랑해', '모든 힘 다해 너를 불러', '널 만나고 난 변했어', '세상 누구보다 널 사랑해', '모든 힘 다해 너를 불러']"
78,Butter,[]
79,SNEAKERS,"['색안경 끼고 보는 게 죄지', '내 멋대로 갈 거야', '원래 두려운 게 없어 난', '나로 살고 싶어', '턱 끝을 치켜올린 채로', '시작도 안 했어 난', '요즘 꽂힌 말이 하나 있지', '나로 살고 싶어', '턱 끝을 치켜올린 채로', '자유롭게 뛰고 싶어 다른 사람', '어디까지 가게 될지 모르지만', '나로 살고 싶어', '턱 끝을 치켜 올린 채로', '자유롭게 뛰고 싶어 다른 사람', '어디까지 가게 될지 모르지만', '같이 걸어 가보자고']"
80,봄날,"['보고 싶다', '이렇게 말하니까 더 보고 싶다', '너희 사진을 보고 있어도', '보고 싶다', '너무 야속한 시간', '나는 우리가 밉다', '이젠 얼굴 한번 보는 것 조차', '힘들어진 우리가', '여긴 온통 겨울 뿐이야', '8월에도 겨울이 와', '마음은 시간을 달려가네', '홀로 남은 설국열차', '니 손 잡고 지구 반대편까지 가', '겨울을 끝내고파', '그리움들이 얼마나', '눈처럼 내려야 그 봄날이 올까', '허공을 떠도는', '작은 먼지처럼 작은 먼지처럼', '날리는 눈이 나라면', '조금 더 빨리', '네게 닿을 수 있을 텐데', '눈꽃이 떨어져요', '또 조금씩 멀어져요', '보고 싶다 보고 싶다', '보고 싶다 보고 싶다', '얼마나 기다려야', '또 몇 밤을 더 새워야', '널 보게 될까 널 보게 될까', '만나게 될까 만나게 될까', '추운 겨울 끝을 지나', '다시 봄날이 올 때까지', '꽃 피울 때까지', '그곳에 좀 더 머물러줘', '머물러줘', '니가 변한 건지', '니가 변한 건지', '아니면 내가 변한 건지', '내가 변한 건지', '이 순간 흐르는 시간조차 미워', '우리가 변한 거지 뭐', '모두가 그런 거지 뭐', '그래 밉다 니가 넌 떠났지만', '단 하루도 너를', '잊은 적이 없었지 난', '솔직히 보고 싶은데', '이만 너를 지울게', '그게 널 원망하기보단', '덜 아프니까', '시린 널 불어내 본다', '연기처럼 하얀 연기처럼', '말로는 지운다 해도', '사실 난 아직 널 보내지 못하는데', '눈꽃이 떨어져요', '또 조금씩 멀어져요', '보고 싶다 보고 싶다', '보고 싶다 보고 싶다', '얼마나 기다려야', '또 몇 밤을 더 새워야', '널 보게 될까 널 보게 될까', '만나게 될까 만나게 될까', '아침은 다시 올 거야', '어떤 어둠도 어떤 계절도', '영원할 순 없으니까', '벚꽃이 피나봐요', '이 겨울도 끝이 나요', '보고 싶다 보고 싶다', '보고 싶다 보고 싶다', '조금만 기다리면', '며칠 밤만 더 새우면', '만나러 갈게 만나러 갈게', '데리러 갈게 데리러 갈게', '추운 겨울 끝을 지나', '다시 봄날이 올 때까지', '꽃 피울 때까지', '그곳에 좀 더 머물러줘', '머물러줘']"
81,무지개,"['오늘 하루 어땠었나요', '많이 힘들었나요', '쉬지 않고 달려왔던 길에서', '나와 함께 쉬어가요', '그냥 아무런 준비도 없이', '떠나볼까요', '평범해도 좋으니까', '우리 함께 가요', '행복 가득 담은 배낭 하나 메고서', '답답했던 일상과 도심을 벗어나', '떠나볼래요', '힘껏 살다 보니 무뎌져', '헝클어진 머리도', '괜찮다며 그댈 안아줄 사람', '바로 그대 곁에 있죠', '까만 선글라스 하나 챙겨서', '떠나볼까요', '평범해도 좋으니까', '우리 함께 가요', '행복 가득 담은 배낭 하나 메고서', '답답했던 일상과 도심을 벗어나', '떠나볼래요', '우리 함께 가요', '행복 가득 담은 배낭 하나 메고서', '답답했던 일상과 도심을 벗어나', '떠나볼래요', '우리 함께 가요', '떠나볼래요', '떠나볼래요', '지금 떠나요']"
82,사랑한다고 말해줘,"['사실 난 너를 사랑한다고 말할 땐', '너에게 그 말이 듣고 싶어서라고', '오늘이 가기 전에 들을 수 있을까', '애타는 내 마음을 알기나 하는지', '어떤 하루에 미소를 짓는', '너의 얼굴을 바라보다가', '나도 모르게 사랑한다고', '너에게 버릇처럼 하는 말', '항상 무뚝뚝하기만 하던 내가', '너를 만나고 변해가', '혹시 너도 나와 같을까', '나를 사랑한다면', '사실 난 너를 사랑한다고 말할 땐', '너에게 그 말이 듣고 싶어서라고', '오늘이 가기 전에 들을 수 있을까', '애타는 내 마음을 알기나 하는지', '서툰 말 한마디도 못하고', '내 손만 잡고 있는 너에게', '어설픈 말장난을 섞으며', '나름 네 눈치도 보고 있어', '사랑한단 말이 듣고 싶은데', '그게 어려운 너에게', '조금 용기 낼 순 없을까', '나를 사랑한다고', '사실 난 너를 사랑한다고 말할 땐', '너에게 그 말이 듣고 싶어서라고', '오늘이 가기 전에 들을 수 있을까', '애타는 내 마음을 알기나 하는지', '날 좋아한다', '날 사랑한다', '사실 난 너를 사랑한다고 말할 땐', '너에게 그 말이 듣고 싶어서라고', '오늘이 가기 전에 들을 수 있을까', '애타는 내 마음을 알기나 하는지']"
83,Tangerine Love (Favorite),"['찬 바람 속 내 곁에 온', '금세 맘 끝에 배이지', '깊숙이 빠져드는 중', '차가웠던 맘에 따스하게 번진', '톡톡 터지며 나를 물들여', '하얀 겨울을 물들여줘', '퉁명스러운 표정 누르면', '생겨 보조개 웃어줘', '나에게만 보여줄까', '고민하게 되지', '달달한 그런 미소', '누워 이불 아래', '너와의 메시지를', '한 조각씩 되새기지', '정신 차려보면', '너 없는 손 텅 비면', '아쉬워 꽤 많이', '향이 짙어지는 밤', '너를 그려', '낯선 이 감정을 품에 안아보면', '톡톡 터지며 나를 물들여', '하얀 겨울을 물들여줘', '다정하게 나를 녹여줘 넌', '함박눈이 내릴 겨울 엔딩', '다음 계절에도', '복잡한 마음', '너에게만 있는', '오렌지빛 설렘인 걸', '당연하지 않아', '시간이 흘러가도', '눈처럼 내 안에', '자꾸 네가 내려와', '톡톡 터지며 나를 물들여', '하얀 겨울을 물들여줘', '다정하게 나를 녹여줘 넌']"
84,고백연습,"['토요일에 영화나 볼래', '새로 생긴 맛집도 가고', '시원한 아이스크림 들고서', '우리 같이 걸을래', '자전거로 한강에 갈래', '다정하게 사진도 찍고', '달달한 가을 멜로디', '밤새도록 들을래 너와', '사실 예전부터', '혼자서 좋아했던 너를', '난 알았어', '네가 찾아왔던 밤에', '어쩌면 우리가 될 거라 생각했어', '이상하게 나도 좋아져', '괜히 보고 싶어', '안녕 뭐해 있잖아, 우리 둘이', '토요일에 영화나 볼래', '새로 생긴 맛집도 가고', '시원한 아이스크림 들고서', '우리 같이 걸을래', '자전거로 한강에 갈래', '다정하게 사진도 찍고', '달달한 가을 멜로디', '밤새도록 들을래 너와', '취해 전화해서', '아무 말 늘어놓던 네가', '귀여웠어', '너를 기다리는 내가', '낯설어 한동안 겁이 나 망설였어', '요즘 따라 연락이 오면', '나도 보고 싶어', '지금 뭐해 있잖아, 우리 둘이', '토요일에 영화나 볼래', '새로 생긴 맛집도 가고', '시원한 아이스크림 들고서', '우리 같이 걸을래', '자전거로 한강에 갈래', '다정하게 사진도 찍고', '달달한 가을 멜로디', '밤새도록 들을래 너와', '가을밤 하늘', '별을 세다가', '이제 우리 둘이 우리 둘이 나나', '매일 밤 너와', '잠들고 싶어', '그래 우리 둘이 우리 둘이 나나', '장난스레 손잡아 줄래', '같은 색깔 티셔츠 입고', '시원한 아이스크림 들고서', '우리 같이 걸을래', '오늘 밤엔 너랑 있을래', '니 어깨에 기대도 보고', '달달한 가을 멜로디', '밤새도록 들을래 너와']"
85,Polaroid,"['별들이 짙던 밤 하늘에 약속한 고백', '아직도 맘에', '당연하듯 남아 있어요', '어제 일같이 선명하네요', '가슴 저리는 게 사랑이 아니라', '그 누가 뭐라던가, 오', '심장이 뛰는데 아프게 뛰는데', '이게 사랑인 거야', '운명 같은 밤 너를 만나', '영원하자고 외쳤던 그 밤', '네가 날 잊어도', '난 널 꺼내 볼 테니까 언제나', '내 맘속 사진첩 한 켠엔 그대가 있지', '참 행복했지 때론 아픈 날이 있어도', '버릴 수 없는 추억이 됐지', '가슴 저리는 게 사랑이 아니라', '그 누가 뭐라던가, 오', '심장이 뛰는데 아프게 뛰는데', '이게 사랑인 거야', '운명 같은 밤 너를 만나', '영원하자고 외쳤던 그 밤', '네가 날 잊어도', '난 널 꺼내 볼 테니까 언제나', '우~ 예~', '우~', '네가 날 잊어도', '난 널 꺼내 볼 테니까 언제나', '한 장씩 널 기억하며 보낼게', '우리 모든 순간 가슴 떨리던 날', '모든 날이 따스하게 감싸준', '널 사랑했다', '운명 같은 밤 너를 만나', '셀 수 없이 많은 날 함께 했지', '사랑했어요 아주 많이', '사진첩 속의 그대여', '영원히 기억할게 시간이 지나도', '언제나']"
86,Off My Face,[]
87,아버지,"['하얀 머리 뽑아 달라며', '한 개 백 원이라던', '그 시절 다 지나가고', '이젠 흰 눈만 남았네', '그렇게도 힘이 드냐며', '나를 위로하시다', '어느새 잠들어버린', '주름만 남은 내 아버지', '세상이 아무리 힘들어도', '당신 있으면 견딜 것 같아', '오래오래 날 지키며', '그냥 곁에만 있어 주세요', '활짝 웃는 모습이 어린애 같아 보여도', '아프다 말도 못 하는 사람', '이제는 내가 지켜줄게', '어린아이로 돌아가 버린', '사랑하는 내 아버지', '오래오래 날 지키며', '그냥 곁에만 있어 주세요', '활짝 웃는 모습이', '어린애 같아 보여도', '아프다 말도 못 하는 사람', '이제는 내가 지켜줄게', '어린아이로 돌아가 버린', '사랑하는 내 아버지', '사랑해요 내 아버지']"
88,발자국 (Walk With You),"['미리 나와 걷고 있어', '널 보고 싶어서', '빨라진 발걸음', '하얀 길 위에 가득하게', '들떠있는 맘과 설렘으로', '다 새겨졌어', '네 생각들로 빈틈이 없지', '추위에 약한 널', '잡을 두 손 따뜻하게 해', '참 다행이야', '오후 두 시 가장 따뜻한 시간', '약속했잖아 널 데리러 가', '널 떠올리는 기분', '만나러 가는 길 위로 티가 나', '그려보지 발걸음 닿는 순간에', '생각해 참 많이', '지금 보고 싶은데', '너에게로', '자꾸 들춰보는 시계', '왜 오늘따라 안 가는지', '매일 다닌 정류장도 멀어', '어제와 달라 보여', '지금 똑같은 그 자리가', '설렘으로 가득 번져', '저 벤치들 지나쳐', '먼저 난 마중 나와있어', '나오자마자 볼 수 있게', '앞에 서 있을게', '손 흔들며 인사할게', '품에 안기면 돼', '달리지는 마 천천히 와', '내가 먼저 온 거야', '자꾸 웃음 나 널 기다리며', '널 떠올리는 기분', '만나러 가는 길 위로 티가 나', '그려보지 발걸음 닿는 순간에', '생각해 참 많이', '지금 보고 싶은데', '너에게로', '자연스레 너를 볼 생각에', '눈이 떠진 거야', '나를 달라지게 만들어', '내 세상의 중심이 너인 것 같아', '이 모든 발걸음의 이유', '지금 난 너를 만나러 가', '내 발자국 옆을 채워줘', '나와 어디든지 이대로', '가자 너를 기다리고 있어', '묻어나지 널 향한 나의 마음이', '이 시간 이 자리 기다리고 있는데', '널 만날 시간 됐어', '더 떨려오는 기분']"
89,스티커 사진,"['눈 감고 찍은 사진', '장난스런 표정', '하나둘 셋 하고서', '손가락 하트', '둘이서 연습했던', '시그니처 포즈', '꽃받침 속 너와 나', '빛나고 있어', '오늘 뭐해 날씨도 좋은데', '홍대 가서 커피나 마실래', '연인들 많은 거리에', '도란도란 너랑 걷고 싶은데', '우리도 예쁜 커플옷 입고', '같이 데이트할래', '눈 감고 찍은 사진', '장난스런 표정', '하나둘 셋 하고서', '손가락 하트', '둘이서 연습했던', '시그니처 포즈', '꽃받침 속 너와 나', '빛나고 있어', '수줍었던 그대를 만난 지', '이번 주말 벌써 1년이야', '기념일마다 약속한', '사진 들을 많이 갖고 싶어져', '아직도 너랑 설레고 싶어', '우리 데이트할래', '눈 감고 찍은 사진', '장난스런 표정', '하나둘 셋 하고서', '손가락 하트', '둘이서 연습했던', '시그니처 포즈', '꽃받침 속 너와 나', '빛나고 있어', '그대를 사랑했던', '모든 시간들이', '하나부터 열까지', '너무 소중해', '우리가 약속했던', '많은 나날들이', '사진 속 우리처럼', '빛나고 있어']"
90,Permission to Dance,[]
91,신호등,"['이제야 목적지를 정했지만', '가려한 날 막아서네 난 갈 길이 먼데', '새빨간 얼굴로 화를 냈던', '친구가 생각나네', '이미 난 발걸음을 떼었지만', '가려한 날 재촉하네 걷기도 힘든데', '새파랗게 겁에 질려 도망간', '친구가 뇌에 맴도네', '건반처럼 생긴 도로 위', '수많은 동그라미들 모두가', '멈췄다 굴렀다 말은 잘 들어', '그건 나도 문제가 아냐', '붉은색 푸른색 그 사이', '3초 그 짧은 시간', '노란색 빛을 내는', '저기 저 신호등이', '내 머릿속을 텅 비워버려', '내가 빠른지도', '느린지도 모르겠어', '그저 눈앞이 샛노랄 뿐이야', '솔직히 말하자면 차라리', '운전대를 못 잡던 어릴 때가', '더 좋았었던 것 같아', '그땐 함께 온 세상을', '거닐 친구가 있었으니', '건반처럼 생긴 도로 위', '수많은 조명들이 날 빠르게', '번갈아 가며 비추고 있지만', '난 아직 초짜란 말이야', '붉은색 푸른색 그 사이', '3초 그 짧은 시간', '노란색 빛을 내는 저기 저 신호등이', '내 머릿속을 텅 비워버려', '내가 빠른지도', '느린지도 모르겠어', '그저 눈앞이 샛노랄 뿐이야', '꼬질꼬질한 사람이나', '부자 곁엔 아무도 없는', '삼색 조명과 이색 칠 위에', '서 있어 괴롭히지 마', '붉은색 푸른색 그 사이', '3초 그 짧은 시간', '노란색 빛을 내는 저기 저 신호등이', '내 머릿속을 텅 비워버려', '내가 빠른지도', '느린지도 모르겠어', '그저 눈앞이 샛노랄 뿐이야']"
92,Feel My Rhythm,"['무도회를 뒤집어', '작은 소란을 또 일으켜', '등장부터 인사까지 파격적이게', '우리 살짝 놀아볼까', '지금부터 시작해 볼게', '꽃가루를 날려', '폭죽을 더 크게 터트려', '우릴 오만과 편견에 가두지 마', '자유로워 지금', '상상해 봐 뭐든지', '노래를 따라서 저 달빛에 춤을 춰', '해가 떠올 때까지', '이제 조금 낯선 다른 차원까지', '상상할 수 없던 곳 시간 속', '예고 없이 등장해', '이 밤은 멋지고 우린', '온 세상 모든 경계를', '꽃가루를 날려', '(흩날려)', '(마음껏)', '더는 어제와 내일에 가두지 마', '자유로워 지금', '상상해 봐 뭐든지', '노래를 따라서 저 달빛에 춤을 춰', '해가 떠올 때까지', '온 세상이 멈추는 순간', '어서 내 손을 잡아', '어디로 가볼까', '상상해 봐 뭐든지', '노래를 따라서 저 달빛에 춤을 춰', '해가 떠올 때까지']"
93,문 (Moon),"['이렇게 또 지는 밤', '오늘은 길었음 해', '늘 혼자 되뇌이던 맘', '들어주던 거울 앞에', '앉아 네 맘의 문에 들어갈', '간직했던 말들 적어', '외투 한 쪽에 두고', '이른 밤을 나서', '있잖아 눈이 내려', '혹시 나와 보지 않을래', '네 손위에 펼쳐지는', '내 지난밤이 전해진다면', '계절의 끝이', '열어볼래 너의 맘으로 가는 문', '추운 겨울 이긴 해', '그게 너였으면 해', '마침 우릴 위해 져주는 달', '조금 더 널 느낄 수 있게', '옆에 와줄래', '아직 조심스런 말들을 모아', '예쁜 모양을 만들어', '네게 건넬래', '이 밤이 닫히기 전에', '있잖아 눈이 내려', '혹시 나와 보지 않을래', '네 손위에 펼쳐지는', '내 지난밤이 전해진다면', '계절의 끝이', '열어볼래 너의 맘으로 가는 문', '걸음을 맞추고 있어', '널 안을 추운 날씨마저', '오늘은 이뤄질 수 있게', '전부 맞춰진 거야', '아름다운 널 닮은', '눈이 내려', '우릴 감싸주고 있잖아', '네 어깨에 쌓여가는', '내 지난밤을 알게 된 너는', '손을 내밀어', '들어가 볼게 나 네게 한 발자국']"
94,오르트구름,"['어둠만이 나의 전부였던 동안', '숨이 벅차도록 달려왔잖아', '경계의 끝자락', '내 끝은 아니니까', '울타리 밖에 일렁이는 무언가', '그 아무도 모르는 별일지 몰라', '벅찬 맘으로 이 궤도를 벗어나', '새로운 길의 탐험가', '껍질을 깨뜨려버리자', '두려움은 이제 거둬', '오로지 나를 믿어', '두 눈 앞의 끝, 사뿐 넘어가', '녹이 슨 심장에 쉼 없이 피는 꿈', '무모하대도 믿어 난', '누구도 본 적 없는 낯선 우주 속에', '답답한 가슴 안에', '불꽃을 피워낼래', '곧 잡힐 듯이 반짝이던 무언가', '꼭 달릴수록 멀어져도 난 좋아', '여정은 이미 시작된 지 오래야', '끝이라 생각한 순간', '넓은 세상이 날 감싸 안아', '때로는 느릿해도', '가끔은 지친대도', '두 눈 앞의 끝, 사뿐 넘어가', '녹이 슨 심장에 쉼 없이 피는 꿈', '무모하대도 믿어 난', '누가 뭐래도 믿어 난', '구름 너머 세상을 내 품에 안을래', '두 눈 앞의 끝, 사뿐 넘어가', '녹이 슨 심장에 쉼 없이 피는 꿈', '무모하대도 믿어 난', '나의 여정을 믿어 난']"
95,POP!,"['이미 넌 나를 벗어날 수가 없어', '터뜨리고 싶은 너', '설렘이 멎기 전에', '가슴이 뛰는 이 느낌', '너무 잘 보여 아무리 숨겨도', '이미 들킨 걸 자꾸 둥둥 떠다니잖아', '설렘이 멎기 전에', '가슴이 뛰는 이 느낌', '끝도 없이 점점 부풀어 가', '내게 푹 빠진 너를 애써 참진 마', '내가 터뜨려 줄 테니', '설렘이 멎기 전에', '가슴이 뛰는 이 느낌']"
96,드라마,"['나도 한때는 그이의 손을 잡고', '내가 온 세상 주인공이 된 듯', '꽃송이의 꽃잎 하나하나까지', '모두 날 위해 피어났지', '올림픽대로 뚝섬 유원지', '서촌 골목골목 예쁜 식당', '나를 휘청거리게 만든', '주옥같은 대사들', '다시 누군가 사랑할 수 있을까', '예쁘다는 말 들을 수 있을까', '하루 단 하루만 기회가 온다면', '죽을힘을 다해 빛나리', '언제부턴가 급격하게', '단조로 바뀌던 배경음악', '조명이 꺼진 세트장에', '혼자 남겨진 나는', '단역을 맡은 그냥 평범한 여자', '꽃도 하늘도 한강도 거짓말', '나의 드라마는 또 이렇게 끝나', '나왔는지조차 모르게', '끝났는지조차 모르게']"
97,Yet To Come,"['부지런히 지나온', '어제들 속에', '참 아름답게', '그날을 향해', '숨이 벅차게', '다들 언제부턴가', '말하네 우릴 최고라고', '이젠 무겁기만 해', '노래가 좋았다고', '그저 달릴 뿐이라고', '너의 마음속 깊은 어딘가', '여전한 소년이 있어', '(당신은 꿈꾸는가, 그 길의 끝은 무엇일까)', '(모두가 숨죽인 밤, 우린 발을 멈추지 않아)', '언젠가부터 붙은 불편한 수식어', '최고란 말은 아직까지 낯간지러워', '난 난 말야 걍 음악이 좋은 걸', '여전히 그때와 다른 게 별로 없는걸', '아마 다른 게 별로 없다면', '난 변화는 많았지만', '변함은 없었다 해', '매 순간이 새로운 최선', '지금 난 마치 열세 살', '그때의 나처럼 뱉어', '아직도 배울 게 많고', '나의 인생 채울 게 많아', '그 이유를 물어본다면', '내 심장이 말하잖아', '왕관과 꽃, 수많은 트로피', '긴긴 원을 돌아 결국 또 제자리', '너의 마음속 깊은 어딘가', '여전한 소년이 있어', '(당신은 꿈꾸는가, 그 길의 끝은 무엇일까)', '(모두가 숨죽인 밤, 우린 발을 멈추지 않아)', '눈부시게 지나온', '기억들 속에', '참 아름답게', '그날을 향해', '더 우리답게']"
98,입김 (Take My Breath),"['심각해 네 앞에 서면', '숨을 쉬는 것도', '내 맘대로 잘 안돼', '들이쉬는 숨에', '머린 뒤엉킨 채', '다시 내쉰 숨엔', '말문 막혀', '차가워지는 공기', '추운 이 거릴', '너와 걸어', '마치 우리 둘은 연인', '어색하게 굳은 채로', '하얀 눈은 자꾸 녹는데', '날 보는 까만 네 눈을 볼 땐', '온통 얼어붙게 돼', '널 좋아 한단 그 말을 빼면', '어떤 말도 못 해', '잔뜩 움츠렸던 내 용기까지', '온기가 실린 채', '봐 맘이 밖으로 자꾸 새어나', '널 그려내지 온종일', '거품 따라 올라 나는 아마', '편지는 주머니 속', '어느새 쌓여가는 눈과', '그 위로 더 깊어져만 간', '긴긴 한 숨', '이 거리에 가득해', '자 이젠 네 앞에', '맘을 털어놔야 해', '겨울 한가운데 있는데', '둘만의 성급한 봄이 오게', '네 곁에 붙어 설 게', '널 좋아 한단 그 말을 빼면', '어떤 말도 못 해', '잔뜩 움츠렸던 내 용기까지', '온기가 실린 채', '봐 맘이 밖으로 자꾸 새어나', '널 그려내지 온종일', '난 너를 생각해', '내 맘 깊이 너 몰래 숨긴', '어쩌면 너에게 다 들키고 있으려나', '내 모든 말에 묻어나서', '널 좋아 한단 그 말을 빼면', '어떤 말도 못 해', '잔뜩 움츠렸던 내 용기까지', '온기가 실린 채', '봐 맘이 밖으로 자꾸 새어나', '널 그려내지 온종일', '(모든 숨이 소리 없이 하는 말)']"
99,내 손을 잡아,"['느낌이 오잖아', '떨리고 있잖아', '언제까지 눈치만 볼 거니', '네 맘을 말해봐', '딴청 피우지 말란 말이야', '네 맘 가는 그대로', '지금 내 손을 잡아', '어서 내 손을 잡아', '우연히 고개를 돌릴 때 마다', '눈이 마주치는 건', '며칠 밤 내내 꿈속에 나타나', '밤새 나를 괴롭히는 건', '그 많은 빈자리 중에서 하필', '내 옆자릴 고르는 건', '나도 모르게 어느새 실없는 웃음', '흘리고 있다는 건', '그럼 말 다했지 뭐', '우리 얘기 좀 할까', '느낌이 오잖아 떨리고 있잖아', '언제까지 눈치만 볼 거니', '네 맘을 말해봐', '딴청 피우지 말란 말이야', '네 맘 가는 그대로', '지금 내 손을 잡아', '핸드폰 진동에', '심장이 덜컥내려 앉는다는 건', '오 나도 모르게', '어느새 짓궂은 네 말투', '자꾸 듣고 싶은걸', '어떡해', '저기 멀리 걸어온다', '눈이 마주친다', '언제까지 넌 모른척 할거니', '사랑이 온거야 너와 나 말이야', '네가 좋아 정말 못 견딜 만큼', '그거면 된거야', '더는 생각하지 말란 말이야', '네 맘 가는 그대로', '느낌이 오잖아 떨리고 있잖아', '언제까지 눈치만 볼 거니', '네 맘을 말해봐', '딴청 피우지 말란 말이야', '네 맘 가는 그대로', '지금 내 손을 잡아', '그냥 내 손을 잡아', '지금 내 손을 잡아']"
