,lyric,label
0,생각이 많은 건 말이야,0
1,당연히 해야 할 일이야,1
2,나에겐 우리가 지금 1순위야,1
3,안전한 유리병을 핑계로,-1
4,바람을 가둬 둔 것 같지만,1
5,기억나? 그날의 우리가,1
6,잡았던 그 손엔 말이야,1
7,설레임보다 커다란 믿음이 담겨서,1
8,난 함박웃음을 지었지만,1
9,울음이 날 것도 같았어,-1
10,소중한 건 언제나 두려움이니까,-1
11,문을 열면 들리던 목소리,0
12,너로 인해 변해있던 따뜻한 공기,-1
13,여전히 자신 없지만 안녕히,-1
14,"저기, 사라진 별의 자리",1
15,아스라이 하얀 빛,1
16,한동안은 꺼내 볼 수 있을 거야,1
17,아낌없이 반짝인 시간은,1
18,조금씩 옅어져 가더라도,0
19,너와 내 맘에 살아 숨 쉴 테니,-1
20,"여긴, 서로의 끝이 아닌",-1
21,새로운 길 모퉁이,1
22,익숙함에 진심을 속이지 말자,0
23,하나 둘 추억이 떠오르면,1
24,많이 많이 그리워할 거야,-1
25,고마웠어요 그래도 이제는,1
26,사건의 지평선 너머로,-1
27,솔직히 두렵기도 하지만,1
28,노력은 우리에게 정답이 아니라서,1
29,마지막 선물은 산뜻한 안녕,-1
57,가렵지도 않아,0
58,내 뒤에 말들이 많아,1
59,무슨 말이 더 필요해,1
60,무시 마 내가 걸어온 커리어,1
61,더 높이 가줄게,1
62,내가 바랐던 세계 젤 위에,1
63,떨어져도 돼,0
64,멋대로 정하네 나란 애에 대해,1
65,뜨거운 관심은 환영,1
66,내 미랠 쓸 나의 노래,1
76,너도 말해줄래,-1
77,누가 내게 뭐라든,1
78,남들과는 달라 넌,0
79,날 믿어봐 한번,1
80,재미없어 어쩌지,-1
81,내 지난날들은,1
82,눈 뜨면 잊는 꿈,1
83,눈을 감아,1
84,잠에 들려고 잠에 들려 해도,1
85,봐봐 여기 내 이름 써있다고,1
93,니가 나의 모든 걸 뺏어갔어도,1
94,모두가 내 꿈에 바리케이드를 쳐도,-1
95,내가 나의 기름 더 불을 붙여줘,1
99,난생처음 섰던 무대엔,0
100,낯선 얼굴 쟤 누군데?,-1
101,마이크 잡은 후엔 함,0
102,더 묻대 쟤 누구래?,0
103,끝내고 내려오는 기분이,-1
104,이걸 하는 가장 큰 이유 중에,0
105,하나 앉아서 잘 봐,1
106,서있어 무대 알아봐라 그러니,0
107,날 부르니 또 오르지,1
108,"내 걸음이 밑 거름이,",1
109,좋은 버릇이 든,-1
110,어린이는 돼 어른이 아닌,-1
111,얼음을 목에 걸은 애,0
112,이빨을 드러낼 때야 씩,-1
113,반짝 허리에 감겨있는 벨트,1
114,감쪽같은 마술은 마법이네,-1
115,밤마다 반복해서 주문을 외워,-1
116,삶을 원하다면 죽음을 배워,-1
117,난 또 빛이 나는 길 위에,1
118,남겨져 흉터로 베여있어,-1
119,어렸을 땐 행복과는 제일 멀 던 놈,1
120,내게 친구 옆에 있어도,1
121,빈자린 언제나 괴롭혀,-1
122,그때의 난 어렸었네,1
123,무시에 짓눌렸기에,0
124,압박 속에 피어났네,-1
125,난 원해 맨 위,1
126,그대로 더 행진,1
127,난 원해 내일엔,1
128,더 재수 없는 놈이 되길 바라,-1
129,됐어 타이밍,1
130,이젠 내 형제들과 밟어,1
135,난 여기다 내 목을 걸었어,1
136,다시 예전으로 돌아갈 수 없어,0
137,힘들던 그땐 신이 미웠지만,0
138,이젠 신의 계획이 뭔지 알게 됐어,0
139,아팠던 기억들은 던져,0
140,친구 미안한데 이건 내가 먼저,-1
142,난 아직도 갈 길이 멀어,0
143,그렇기에 난,0
144,포기 안 할 거라 말했고,-1
145,넘어져도 일어나 계속,1
146,내 시작은 맨손,1
147,반찬 팔아가며,0
148,청춘 받쳐 날 키워준,1
149,값진 그녀의 행복,1
150,나 땜에 잠시 내려놨던 그 행복을,1
151,이 손자가 돌려줄게 꼭,1
152,난 내 놈들과 하나둘씩,1
153,이뤄가 점점 끝없이,-1
154,우린 절대 안 져 계속 보여주지,-1
155,절대 안 될 거 같던,-1
156,꿈들을 이뤄 난 여기 있지,0
157,아팠던 날 들을,1
158,저 뒤로 보내고 웃자고 원 없이,1
159,바란 대로 이뤄질 거,0
160,같은 말은 못 믿어,1
161,못 믿어 이제,1
163,난 간절히 바랐던,0
164,희망한테 배신당했거든,-1
165,근데 절망에 추락할 때도,-1
166,보여 날개를 폈던 당신의 모습,1
167,이제 내 날갯짓을 봐줘 (날 봐줘),1
168,내 아버지는 꿈꾸는 걸 멈추지,1
169,않았거든 마지막 통화를 끊고서,-1
170,그렇게 세상이 무너졌어,-1
171,나는 포기 안 해 아빨 너무 닮고,-1
172,끝까지 대가 받아내고 말 거야,-1
173,그 멀리서 나를 지켜 지켜보면 돼,1
174,그렇게 고통까지 외운 채,-1
175,잃을 것도 없어 잃은 것뿐,-1
176,난 다 채울래,-1
177,그래 난 더 나아가야 돼,1
178,날 보는 널 위해,1
179,멈출 수 없어 잃어버린 걸,-1
180,되찾을 거야 비록,0
185,어릴 때 난 어렸지,0
186,넌 기회를 또 놓쳐버렸지,0
187,난 또 목숨을 걸었지,-1
188,매 순간이 난 버저비터,1
189,빛이 나니까 좀 꺼져있어,1
190,내가 먹고 나면 너희는 설거지,-1
191,여전히 카니발 바뀐 건 회사,0
192,똑같이 하고픈 걸로 난 해 밥값 아니,1
193,해 차 값 아니 해 집값 아니,1
194,해 동생 밥 계산,1
195,키비형이 사주시면,0
196,스무 살이 이제 형이 되고 나니까,1
197,움직여 바삐,-1
198,방해물은 다 까버려,-1
199,당신 내 삶을 살아줄 거 아니면,1
204,있는 그대로의 나를 받아줘,1
205,아직 완벽하지는 않아도,1
206,내일은 당연한 게 아니라서,1
207,지금 아빠가 곁에 없더라도,1
208,눈물 닦고 어깨 펴고 다녀,-1
209,항상 네 편이란 걸 잊지 마,1
210,부모님은 당했지 인종차별,-1
211,얻은 것보다 잃은 게 많아서,-1
212,내 랩의 가치는 달라,1
213,다 해봤어 성공이랑 죽음 빼고 난,-1
214,승산은 나에게 없었잖아,1
215,밤마다 악마가 찾아와 하지만 난,-1
216,이제 겁나지 않아,1
221,말투는 멍청한 듯 몸매는 섹시 섹시요,-1
222,그럼 다이아 박힌 티아라 하나에,1
223,내가 퍽이나 웃게 퍽이나 웃게,1
224,뒤틀려버린 로렐라이,0
225,철학에 미친 독서광,-1
227,야유하는 관객들,-1
228,아 별빛이 깨져버린 밤,-1
229,꼴이 볼품없대도 망가진다 해도,-1
230,다신 사랑받지 못한대도,1
231,아리따운 날 입고 따따랏따라,1
233,실례합니다 여기 계신 모두,0
234,야한 작품을 기대하셨다면,-1
235,환불은 저쪽 대중은 흥미 없는 정보,1
236,그 팝콘을 던져도 덤덤,0
237,행복과 반비례 평점,1
238,편견은 토할 거 같지,-1
239,아 더 부끄러울 게 없는 밤,-1
240,꼴이 볼품없대도 어쩌면 네게도,-1
244,까고 말해,1
245,아리따운 나의 누드,1
246,아름다운 나의 누드,1
247,변태는 너야,-1
248,또 모르지 내 마음이,1
249,저 날씨처럼 바뀔지,1
250,날 나조차 다 알 수 없으니,1
251,그게 뭐가 중요하니,0
252,지금 네게 완전히,1
253,푹 빠졌단 게 중요한 거지,-1
254,아마 꿈만 같겠지만,0
255,분명 꿈이 아니야,0
256,달리 설명할 수 없는,0
257,이건 사랑일 거야,1
258,방금 내가 말한 감정,1
259,감히 의심하지 마,-1
260,그냥 좋다는 게 아냐,0
261,조심해 두 심장에 핀,1
262,새파란 이 불꽃이,1
263,저 태양보다 뜨거울 테니,-1
264,난 저 위로 또 아래로,-1
265,내 그래프는 폭이 커,1
266,두 번 세 번 피곤하게,0
267,자꾸 질문하지 마,0
268,내 장점이 뭔지 알아?,1
269,바로 솔직한 거야,1
273,아무도 막지 못해,-1
274,나를 보면 눈 깜빡할,1
275,시간 조차도 아까울 걸,-1
276,드디어 만나 반가워,1
277,기분이 째져,1
278,잘 되면 셀럽,1
279,못 되면 평생 리셀러,0
280,나는 새삥,1
281,모든 게 다 새삥,1
282,보세 옷을 걸쳐도,-1
283,헌 집 주고 새집,1
284,프리미엄이 붙어,0
286,유명세를 걷어,1
287,남의 멋만 쌔비지,1
288,난 취향을 감춰 그래,-1
289,내 세컨 카는 수수께끼,-1
290,넘볼 수 없는 임금,1
291,다시 ’코’시국,0
292,암만 영끌해도 근본은 절대 못 사,-1
293,뚜까 패고파,-1
302,아마 나는 오늘도,1
303,이유는 뻔하지 새로운 옷이,1
304,알어 니 위치는 겉만 하지 마,0
305,이제 여름이 오니까 준비해,1
306,내 목에다 채워질 아이스체인,1
307,우리 엄만 생일마다,1
308,새 가방이 생기지,1
309,신기록 갱신,1
310,우린 없어 배신,-1
311,나는 매일 새신,1
312,책임을 가진 삶은 생각보다 괴로워,0
313,내 옷은 새로워,1
314,난 운전할 때마다 맨 앞이라 외로워,0
315,내 옷들은 늘 새삥,1
316,아무도 못 말려 나란 바닥노무 쉐낀,-1
317,안전모를 썼던,0
326,나는 새삥 모든 게 다 새삥,1
327,내 맘이 보이지,1
328,한참을 쳐다봐,1
329,가까이 다가가,0
330,용기가 생겼지,1
331,이미 아는 네 눈치,1
332,고개를 돌려 천천히,0
334,여기 보이니,0
335,확실하게 나로 만들겠어,1
336,꿈에서 깨워주지 마,0
337,가끔은 정말,1
339,분명한 건,0
340,널 우연히 마주친 척할래,0
341,못 본 척 지나갈래,1
342,나와 나와 걸어가 줘,1
343,지금 돌아서면,0
344,널 보면 하트가 튀어나와,1
345,내 맘은 설레이지,1
353,네가 참 궁금해 그건 너도 마찬가지,-1
354,이거면 충분해 쫓고 쫓는 이런 놀이,1
355,참을 수 없는 이끌림과 호기심,1
356,묘한 너와 나 두고 보면 알겠지,-1
357,난 그 맘을 좀 봐야겠어,1
358,서로를 비춘 밤,-1
359,아름다운 까만 눈빛 더 빠져 깊이,1
360,(넌 내게로 난 네게로),1
361,마음은 이렇게 알다가도 모르지,1
362,사랑이라는 건 한순간에 필 테니,1
363,직접 들어와 두 눈으로 확인해,1
364,내 맘 가장 깊은 데로 오면 돼,1
365,원하면 감히 뛰어들어,0
370,الأ هو لا دان,0
385,다 잊었다는 거짓말,-1
386,또 해 버렸죠,1
387,내 마음에 그대란 사람,1
388,없다고 했죠,0
389,너무나 쉽게 잊혀졌다고,-1
390,이젠 남이라고,0
391,서툰 내 사랑에 지쳐 떠난 그대,1
392,너무 많이 울려서,-1
393,잡을 용기조차 낼 수 없었죠,1
394,미안해요 내 사랑아,-1
395,다신 나 같은 사람 만나지 마요,1
396,혹시 찾아가도 두 번 다시,0
397,나를 허락해 주지 마요,1
398,그댄 여리고 너무 착해서,-1
399,싫단 말도 잘 못하는데,0
400,많이 부족한 나를 사랑한 그대,-1
401,이거면 됐어요 더 이상은,0
402,그대 불행하지 않도록,1
403,나 이쯤에서 없어지는 게,1
404,그댈 위한 나의 사랑인 걸요,1
405,너무 투명해서 때론 불안했죠,-1
406,제멋대로 살아온 나를,1
407,감당할 수 없을 것 같죠,0
414,고마웠어요 나를 사랑해 줘서,1
415,나 같은 사람이 두 번 다시,1
416,감히 받을 수 없는 사랑,1
417,그대 때문에 행복했어요,1
418,울지 마요 그대,-1
419,잘 생각해 봐요,1
420,나쁜 일들만 가득했던 우리,1
421,다 잊어야 해요,1
428,이거면 됐어요,0
429,더 이상은 그대 불행하지 않도록,1
432,유엔빌리지에서 한강진역,0
433,이태원을 지나왔어 언덕길로,1
434,클랙슨은 목이 쉬어 퇴근길마다 삐걱삐걱,1
435,그게 자그마치 2년,0
436,입에 단내가 나 미칠 지경,1
437,작업실로 당당하게 내비 찍어,1
438,그러니까 너넨 히비히비합 질러 빽빽,-1
439,그러니까 너넨 히비히비합 질러 땍땍,-1
440,따라 해 어때 생각보다 쉽지,1
441,서울숲에서부터 근방 직경,-1
442,사진 소리 찰칵찰칵 가는 길마다 찍어 찍어,0
443,보험마저 없는 내 미래 비전,1
444,그러니까 너넨 히비히비합 질러 빽빽 (빽빽),-1
445,그러니까 너넨 히비히비합 질러 땍땍 (땍땍),-1
447,컴백이 아냐 떠난 적 없으니까,0
448,고개들이 돌아 진정해 목 꺾일라,1
449,게임이 아냐 진 적이 없으니까,0
450,짖어봐 네 목에 목줄은 내 거니까,1
451,네 다음 답안지야 똑바로 봐,1
452,난 가장 높은 곳에서,0
453,아슬하게 아찔하게,-1
454,두 손을 펼쳐,1
455,망설이지 마 뭐 어때,0
456,리듬에 맡겨 느낀 그대로,1
457,나조차도 어림잡지 못해,1
458,홀린 듯 몸을 맡겨,0
459,이 끌림이 싫진 않잖아,0
460,그치? 나를 따라 너를 던져봐,-1
464,춤춰봐 더 자유롭게 미쳐봐,1
465,왔어 우리에게 너무 좋은 날이,-1
466,네가 원했던 이 순간이,1
467,움츠렸던 마음을 녹여,-1
468,어제의 너를 잊어,-1
470,끝까지 손을 뻗어,-1
471,기세 마치 폭포,1
472,관중들의 눈이 반짝해,1
473,에서부터 딱,0
474,차려진 식사,0
475,허나 안 성급해,1
476,성공이 쇄도해,1
477,빈 공간에,-1
478,시작은 골방이었지만,-1
479,절대 안 해 덤벙,-1
480,과거는 컴컴해도,-1
481,미랜 번쩍해,1
482,딱딱해져 가지,1
483,더 내 빡빡머리,1
484,벌써 나인 곧 30,1
485,이제 전성기의 나이,1
486,나잇값 하지 난,1
487,쉽게 올라타,0
488,손흥민이 형처럼,1
489,함성 소리가 날 덮쳐,1
490,기회가 왔어,0
491,그래 닿으려 해 대기권,1
492,난 바닥으로 떨어진 적이 없지,0
493,"1, 2등 말고는 재미없어",-1
494,패배도 있었기에 더욱더,-1
495,단단해지는 법 배운 거지,-1
496,다른 말 안 해 지금,1
497,이기는 거에만 다 쏟아,0
498,팀 그릴즈 각자 자리로,0
499,여기저기 다 있어 계속해,1
500,트랩 붐뱁 드릴 상관없이 다 뱉어,0
501,유행 같은 건 타지 않아 내 거는,1
502,봄 여름 가을 겨울 싹 다 제철,-1
503,올라갈라니 너무 높아 어떡해,-1
504,(우린 안 떨어져 절대),-1
505,못 돼 겁쟁이,-1
506,언제나 멋대로 했더니,1
507,랩 머니가 내 눈앞에,1
508,다 이루기 위해서 목표,1
509,내 생각 일단 펼쳐놓고 점쳐,1
510,단 한 번만 봐도,0
511,내 눈에는 딱 답 나오지,1
512,올라가 난 위,0
513,난 매일 바래왔지 꼭대기,1
514,이건 우릴 위하여,0
515,더 위 위,0
519,더 위 위 위,0
520,실패 절대 두렵지 않아,-1
521,넘어져도 포기 따윈 안혀,-1
522,앞에 날 막는 장애물이 있더라도,1
523,멈칫하지 않어,0
524,깊게 숨을 들이마신 후,1
525,이륙 준비 후에 날어,1
526,결국 트로피를 거머쥐고 나서,1
527,기회를 바로 잡어,0
528,내가 꿈꿔 왔던 거 눈을 감으니,1
529,들리지 함성 소리,1
530,누가 뭐라든 오직 내 목표는 하나,1
531,난 황소고집,-1
532,플리키뱅 칠린호미,0
533,노윤하 블라세 키츠요지,0
534,우리 팀은 국가대표 너네 팀들은,-1
535,귀여워 마치 슛돌이,1
536,너랑 나랑 몸싸움을 한다면,-1
537,보내버려 멀리,1
538,너가 만약 내 팀을 건든다면,-1
540,귓가엔 이젠 이명,0
541,대신 울려 승리의 나팔소리,-1
542,둘 셋 넷 다섯 훈련해,1
543,굴렀지 매일 밤,-1
544,처박아 맨땅에,0
545,어차피 모 아님 도,0
546,내가 못할 게 뭐 있어,1
547,고생 다음에는 빛이,-1
549,난 포기했고 왔어 여기에 다시,-1
550,보였어 드디어 성공이 앞에,1
559,안 멈추지 있어도 그 스톱사인,0
560,한국 남자 래퍼들 다 미녀,0
561,걔가 뭐라 하든 나는 위너,-1
562,"내 인생은 천만 관람 무비,",1
563,너는 그냥 유튜브에 있는 클립,-1
564,안 받아 난 졸림,-1
565,이젠 다 소리쳐,0
566,난 귀신같이 갑자기 튀어나왔어,-1
567,걔네들 거짓말 치는 거,-1
568,딱 보니까 전부 다 들렸어 사탄,-1
569,내 맛은 넘 매워 불닭이,1
577,더 위 위 위 위,0
578,팝콘이나 챙겨 껴들 생각 말고,1
579,내 손끝 툭 하나에 다 무너지는 중,-1
580,가짜 쇼 치곤 화려했지,-1
581,자 오늘 밤이야 난 독을 품은 꽃,-1
582,네 혼을 빼앗은 다음,-1
585,내 나이는 20,1
586,하고도 플러스 2지,0
587,주위 친구들은 일찍,1
588,말도 안 돼 거짓말,-1
589,내게 하지 마,1
590,티는 안 냈지만 짜증 나,-1
591,사실 난 속 좁아서 다 빈말이야,-1
592,그릇이 넓지 못한가 봐,1
593,주위 사람의 성공이 배 아파,-1
594,매일 밤 열심히 하는 게 아마,-1
595,뒤떨어질까 봐 일지 몰라,0
596,담배 한 대 피우고 한숨을 내뱉어,-1
597,내가 난데 왜 이래,1
598,이러지 않았는데 나,1
600,사실 잘 될 줄 난 몰랐는데,1
602,그래 다음에 시간 될 때 봐,0
603,축하는 하지만 안 불러줄래 네 노랜,1
604,어쩔 수 없어 내가 어른이 되길 먼저,-1
605,“노래하지 마 발성부터 글렀다고,1
606,너 래퍼라면서 왜 이리 뚝딱거려,-1
607,그건 그렇다 쳐 지금 얼굴 갖고,0
608,티비에 나온다니 정말 클났어”,1
609,신인 팀들 투정해 대기실이 비좁대,-1
610,우린 부럽기만 한데,0
611,내 폴더 인사를 쌩깠던 선배 기억해,1
612,오래 못 가서 나락 갔지,-1
613,월등함이면 몰라,1
614,열등감은 빠져 모양,-1
615,남 좋은 일 하는 거니까,1
616,못 믿겠음 직접 지켜봐,1
623,모두가 너무 다 커 보여,-1
624,네 자랑은 이제 안 부러워,1
625,라고 말하며 귀는 또 쫑긋 서,0
626,이제 내 차례야 라고 말하며 헛기침,-1
627,거울을 보며 내게 물어,-1
634,그녀와 나는요 그땐 참 어렸어요,1
635,많이 사랑했고 때론 많이 다퉜었죠,1
636,지금 생각하면 모두 내 잘못이죠,1
637,마지막 그날도 그녀는 울었어,-1
638,나는 그녈 잡지 못했죠,1
639,지금까지도 너무 후회가 돼요,-1
640,그 후로 누굴 사랑한 적 없어 아직은,1
641,그녀와 나는요,1
642,언젠가 만날 거죠,1
643,변해버린 모습 변해버린 시간 속에,1
644,하지만 괜찮아 내 눈엔 아름답던,1
645,예전 모습 그대로 일 거예요,1
646,그녀도 날 못 잊을 거야 나는 믿어요,1
647,그만큼 사랑했죠,1
648,그래서 우린 한 번은 만나야만 해요,1
649,그녀의 친구라도 이 노랠 듣는다면,1
650,그녀에게 전해줘요,1
651,내가 아직 사랑한다고,1
652,우리가 처음 만난 그 시간 그 자리에,1
653,내가 매일 기다린다고,1
669,1 2 3 4 5 6 7 8 9 10,0
670,더도 말고 덜도 말고 딱 그 정도만,1
671,한번 해보자,1
672,우리 멀어져 보자,1
673,딱 반 발자국만,0
677,자세히 보아야 예쁘다,1
678,오래 보아야 사랑스럽다,-1
679,참 좋아하던 말이었는데 글쎄,-1
680,아무거나 눌러보다가,-1
681,한발자국 뒤에서,0
682,보면 보이지 않던 아름다움이,1
683,보인다는 말에,0
684,집에 가는 길에,0
685,액정 밖의 화면을 봤네,1
686,맨날 본 똑같은 거리들이,1
687,오늘따라 이상하게 예뻐 보이는 게,1
688,싫은 것도 싫지 않아야 어른이 되지,-1
689,우리 조금만 반 발자국만,1
690,한 발자국만 아님 반 발자국만,0
691,멀어져 볼까,1
700,꽃을 보았다 예뻤다,1
701,자세히 보려고 꺾었다,1
702,참 좋아하던 향이었는데 글쎄,-1
703,이제는 한 두번 누르는 향수처럼,0
704,쉽게 피고 아쉽게 지는,0
705,자세히 안 봐도 오래 안 봐도,-1
706,이 거리를 가득 채우는,0
707,꽃들도 있더라고,1
708,삐거덕 거리는,-1
709,빈 수레바퀴는,-1
710,쉼과 의심 그 사이 어딘가로 더,-1
712,일찍이 이미 희미해 져버린,-1
713,우리의 길 위 의미는 헤져버린,1
714,목적지에 적힌 음표와 같아서,0
730,눈물이 난다 이 길을 걸으면,-1
731,그 사람 손길이 자꾸 생각이 난다,1
732,붙잡지 못하고 가슴만 떨었지,1
733,내 아름답던 사람아,1
734,사랑이란 게 참 쓰린 거더라,1
735,잡으려 할수록 더 멀어지더라,0
736,이별이란 게 참 쉬운 거더라,-1
737,내 잊지 못할 사람아,1
738,사랑아 왜 도망가,1
739,수줍은 아이처럼,1
740,행여 놓아버릴까 봐,0
741,꼭 움켜쥐지만,0
742,그리움이 쫓아 사랑은 늘 도망가,-1
743,잠시 쉬어가면 좋을 텐데,-1
744,바람이 분다 옷깃을 세워도,1
745,차가운 이별의 눈물이 차올라,-1
746,잊지 못해서 가슴에 사무친,1
747,내 소중했던 사람아,1
754,기다림도 애태움도 다 버려야 하는데,-1
755,무얼 찾아 이 길을 서성일까,0
756,무얼 찾아 여기 있나,1
764,잘 지냈지? 조금은 어색해 요즘 좋아 보여 인사 나누며,-1
765,사실 궁금한 게 너무 많았는데 반가움에 멍해졌죠,-1
766,생각보다 오래 된 것 같은 우리 수다스럽던 그때가 생각나,-1
767,뭐가 그렇게도 할 말이 많아서 밤을 지새우곤 했죠,-1
768,그리운 목소리 그리던 얼굴 참 많이도 기다렸어,1
769,다시 만나자는 너의 한마디에 울컥 눈물이 나,-1
770,결국 너였단 걸,-1
772,기다림의 끝은 기적이 되고 기적 같은 우린 운명처럼,-1
773,서로를 알아보고 그렇게 눈앞에 서있죠,1
774,우리 사랑했던 우리 다시 만나 그때 그 순간 그대로,1
775,사랑했고 사랑할 거니까,1
776,같이 듣던 노래 그때 그 거리를 이제 혼자 아닌 너와 둘이 걸어,-1
777,다시 오른쪽에 나란히 발맞춰 같은 노래를 부르죠,1
778,그리운 만남을 그리던 날들 참 많이도 기다렸어,1
779,다시 너를 만나 더욱 더 소중해 같은 마음이란 걸,-1
785,처음 느낌 그대로 설렘이 가득한 날,1
786,고마워 다시 돌아와줘서,1
787,그때 그 순간처럼 날,1
789,결국 기다림의 끝은 기적이 되고 기적 같은 우린 운명처럼,-1
793,뭘 그리 찡그려 너,-1
794,사랑 그깟 거 따위 내 몸에 상처 하나도 어림없지,-1
795,너의 썩은 내 나는 향수나 뿌릴 바엔,-1
796,사랑 그깟 거 따위 내 눈에 눈물 한 방울 어림없지,-1
797,너의 하찮은 말에 미소나 지을 바엔,-1
798,너와 함께 하고 싶은 일들을,-1
799,상상하는 게,1
800,요즘 내 일상이 되고,1
801,너의 즐거워하는 모습을 보고 있으면,-1
802,자연스레 따라 웃고 있는 걸,0
803,너의 행동에 설레어하고 뒤척이다가,-1
804,지새운 밤이 많아지는데,-1
805,이건 누가 봐도 사랑일 텐데,1
806,종일 함께면 질릴 텐데,0
807,나 돌아서도 온통 너인 건,-1
808,아무래도 사랑인가 봐,-1
809,점점 너와 하고 싶은 일들 생각하면서,-1
810,하룰 보낸 날이 많아지는데,1
815,너의 행복해하는 모습을 보고 있으면,-1
816,나도 모르게 따라 웃는데,1
817,이 정도면 알아줄 만하잖아,1
818,너도 용기 낼만 하잖아,-1
819,나만 이런 게 아니라면,1
820,우리 만나볼 만하잖아,1
822,사랑이었다 별거 없던 내 하루에,1
823,빛이 돼준 단한 사람,1
824,나보다 나를 더 아껴 주던 너를,-1
825,그땐 왜 몰랐을까,0
826,행복이었다 다시는 없을 것 같던,1
827,잠시나마 행복했었다,1
828,다른 사람 곁에 있는 널,1
829,생각해 본 적 없지만,1
830,이젠 너를 보내줘야 할 것 같아,-1
831,내가 아니라도,1
832,눈부시게 사랑받았을 너라서,-1
833,그 소중한 시간을 나와 함께해 줘서,1
835,예쁘고 아름다웠던 너의 그날에,-1
836,함께했던 그 모든 순간이 행복했어,1
837,내 전부였다 무엇도 바꿀 수 없던,1
838,우리라서 행복했었다,1
839,다른 누구라도,0
840,나보다 더 좋은 사람 만나서,1
841,이젠 나를 잊고 행복하게 살아,1
848,어두웠던 내 하루에,1
849,빛이 되어주던 그날들을,1
850,어떻게 잊고 살아,0
851,과분했던 너라는 사람을 만나,-1
852,누구보다 사랑했었다,1
853,내가 아니었다면,1
854,눈부시게 사랑받았을 너란 걸,-1
855,이 세상에 누구보다 더 잘 알아서,1
856,미안했어 너와 함께한 날들이,-1
857,더 말할 게 있을까,0
858,행복한 기억만 가져갈게,1
859,내 걸로 만들어,1
860,구하지 우리 방식대로,1
861,목소리 팔아서,0
862,팔자 고친 아버지 딸내미,1
863,공양미 300석 대신 받았어 큰 입지,1
864,우황청심원 달고 살았던 카니발,-1
865,20살의 풋내기,1
866,청춘을 세공한 값은 돌아오니까,1
867,쓰러트려 마이크 타이슨,0
868,넘어져도 칠전팔기,0
869,오래 버티던 악바리만,-1
870,살아남았지 마지막엔,-1
871,오랜 시간 쏘아 올렸지,0
872,이제 터질 시간,0
873,여의도처럼 퍼퍼펑,0
874,힘든 시간들은,-1
875,그전에 전에 잠깐,0
876,성수동 그녀는 몰라 쉬는 법,1
877,남녀노소 밤새 흔들어,-1
878,날이면 날마다 오는 기회가 아니니,1
879,어서 날 택해,1
880,드디어 세탁을 맡겼지,0
881,어젯밤 눈물에 젖은 베개,-1
882,수많은 겨울을 지냈고,-1
883,이제는 토이고 올라갈 차례,-1
884,이경영처럼 시켜 진행,0
885,그녀는 엉덩이를 흔들다 보니까,1
886,밤이 깊어지네,-1
888,까만 옷을 걸치고 걸어가지,1
889,저 나쁜 놈들 갱생,1
890,쳐다도 못 보네 얼굴,1
891,떨어버리네 벌벌,1
892,우린 항상 위를 봐,0
893,우산이 필요해 종이가 자꾸 내려와,1
894,돈이 아니어도 우린 계속하지,0
895,예술가니 어쩔 수가 없는 거지,-1
896,그 뒤에 진짜 얘기들이 궁금해,1
897,그랬더니 돈이 내 뒤를 따라왔어,1
898,돌고 돌아라 지구는 둥그네,1
899,눈멀어도 좋아,1
900,보지 말라는 곳을 뚫어져라 보고,0
901,언젠가 가 있을 테니,0
902,비노 영지 토이고 켠이형 세인이 캄보,-1
904,신세인 낮밤을 반납한 값,-1
905,다 따고 갈 맘 채비 갖고,1
906,내 발로 간다고,1
907,누구 술자리 낄 시간에,-1
908,빠져서 만들은,0
909,앨범이 내 피사체,1
910,아니 피가 된 지금은 혈관들이,0
911,이제는 누군가의 선수,0
912,걱정하던 점쟁이,1
913,엄마는 기억도 못 하더라고,0
914,그런데 난 필요해서,1
915,냅두는 편이 낫겠어,0
916,한국 힙합 지금이 재미 볼 때야,-1
917,네가 잠에 들 때야,1
918,우린 깨어나 저 구름 위,1
919,다크서클 같은 날개를 펼치는 중이지,-1
920,밥은 먹고 다니냐 새꺄,1
921,내가 뭔 짓 하러 왔는지,1
922,아직도 얘넨 잘 모르겠지,0
923,나쁜 새끼들 잡으러 가,1
926,이윽고 내가 한눈에,1
927,너를 알아봤을 때,-1
928,모든 건 분명 달라지고 있었어,1
929,내 세상은 널 알기 전과 후로 나뉘어,1
930,니가 숨 쉬면 따스한 바람이 불어와,1
931,니가 웃으면 눈부신 햇살이 비춰,1
932,거기 있어줘서 그게 너라서,-1
933,가끔 내 어깨에 가만히 기대주어서,-1
934,나는 있잖아 정말 빈틈없이 행복해,-1
935,너를 따라서 시간은 흐르고 멈춰,-1
936,물끄러미 너를 들여다 보곤 해,-1
937,그것 말고는 아무것도 할 수 없어서,-1
938,너의 모든 순간 그게,-1
939,나였으면 좋겠다,1
940,생각만 해도 가슴이 차올라,1
941,나는 온통 너로,-1
942,보고 있으면 왠지 꿈처럼 아득한 것,1
943,몇 광년 동안 날 향해 날아온 별빛,1
944,또 지금의 너,-1
946,가끔 나에게 조용하게 안겨주어서,-1
947,나는 있잖아 정말 남김없이 고마워,1
949,물끄러미 너를 들여다보곤 해,-1
950,너를 보는 게 나에게는 사랑이니까,-1
955,니 모든 순간 나였으면,1
956,밤은 다시 길고 깊어졌네,-1
957,나는 점점 너로 잠 못 들게 돼,-1
958,글로 적어내긴 어려운 이 기분을,1
959,너도 느꼈으면 좋겠는데,-1
960,너는 아무 생각 없이 몇 번,-1
961,나를 지나가며 웃은 거라지만,1
962,나의 하얀 옷에 너의 잉크가 묻어,-1
963,닦아낼 수 없을 만큼 번졌네,1
964,달콤한 색감이 물들어 조금씩,1
965,정신을 차렸을 땐 알아볼 수도 없지,1
966,가득 찬 마음이 여물다 못해,1
967,터지고 있어,0
968,내일은 말을 걸어봐야지,1
969,요즘 노랜 뭔가 맘에 안 들어,1
970,네게 불러 주기엔 좀 어려워서,1
971,나름 며칠 밤을 새워 연습했지만,-1
972,네게 들려주기엔 무리인 것 같아,-1
973,너는 번질수록 진해져 가고,-1
974,나의 밤은 좀 더 길고 외롭지만,-1
975,하루종일 떠오르는 너의 얼굴은,-1
976,방을 가득 채워 무지개같이,0
982,바람을 맞고 빗물에 젖어,1
983,나의 색감도 흐려지겠지만,1
984,너는 항상 빛에 반짝일 테니까,-1
985,멋진 말들을 전하지 못하고,1
986,아무도 관심 없는 그림이 되겠지만,-1
987,달콤한 색감은 감추지 못해,1
990,그냥 이 노래가 어떨까 싶어,1
991,내가 만든 쿠키,1
992,너를 위해 구웠지,-1
994,너무 부드러우니,-1
995,자꾸만 떠오르니,1
996,입맛 버리게 만들고 싶어,1
997,숨기고 있지만 널 더 보고 싶어,1
998,식사는 없어 배고파도,0
999,음료는 없어 목말라도,0
1000,달콤한 맛만 디저트만 만,1
1001,원하게 될 거 알잖아,0
1007,너에게는 독이지,-1
1008,네 마음속을 녹이지,-1
1009,한입은 모자라니,1
1010,정신 못 차리게 만들고 싶어,1
1020,레시핀 없어 딴 데서는 못 찾아,0
1021,난 재료 안 아끼지,-1
1022,네 다이어트를 망치고 싶어 나,-1
1032,우리 집에만 있지 놀러 와,1
1033,얼마든지 굽지,0
1034,그런데 너 충치,-1
1035,생겨도 난 몰라,0
1041,멋진 결말에 닿게,1
1042,내 흉짐도 나의 일부라면,-1
1043,겁이 난 없지 없지,0
1044,다치지 않게 다치 다치지 않게,0
1045,욕심을 숨기라는 네 말들은 이상해,-1
1046,겸손한 연기 같은 건 더 이상 안 해,-1
1051,더는 없어 패배,-1
1053,갓 10대가 됐을 때,0
1054,그때 내가 널 보지 못했다면,1
1055,어땠을까 해,1
1056,흐린 추억 속에 네게 안겨 잠드네,1
1057,나는 또 네 얘기를 꺼내,1
1058,보고 싶다는 넋두리에,-1
1059,친구들 답은 뻔해,1
1060,10년도 더 된 애를 사랑할 수 있냬,1
1061,이제 그만 잊으래,0
1062,근데 그게 잘 안돼,0
1063,그래 걔 말마따나,1
1064,넌 아담의 사과일 수도,0
1065,네 전화 바로 픽업,1
1066,지금 주소 찍어,0
1067,어디든 상관없어 다 갈 테니까,0
1068,그건 사랑이 아냐,1
1069,그건 미련이 아냐,-1
1070,그냥 정이라고 하자,1
1071,임마 네가 뭘 알아,-1
1072,이건 사랑이 맞아,1
1073,분명 약속했단 말이야,1
1074,그 자리에 그대로,1
1075,두고 온 기억들을,0
1076,더듬고 있을 때면,0
1079,그냥 정리하고 가자,1
1080,아메리카노보단 라떼를,-1
1081,맛있게 내리던 네 집 앞 카페를,1
1082,매일 같이 갔었었던 그때를,1
1083,내려줄게 쓰지 않아 이제는,1
1084,넌 매일 밤 예뻐 예뻐,-1
1085,해주며 날 재워 재워,-1
1086,식어버린 널 데워 태워,0
1087,꿈에서 날 깨워 줘,1
1088,버려진 기억들 속에서,0
1089,쓸만한 컷들을 찾고 있어,0
1090,이미 내 곁에 더는 없는 너지만,-1
1091,난 너를 느낄 수 있어,-1
1092,닿을 듯 안 닿을 듯,0
1093,떠나는 뒷모습이,-1
1094,왜인지 행복해 보여,1
1095,너라도 행복해줘,-1
1111,임마 네 말이 맞아,-1
1112,이건 사랑이 아냐,1
1114,"밤하늘, 손을 잡으면 기분이 좋다며",-1
1115,옅은 웃음 띠며 나에게 말하다,1
1116,너는 슬픈 노래를 불렀는데,-1
1117,그게 우리 둘의 주제곡 같았어,1
1118,하루는 순진한 눈으로 나를 바라보며,1
1119,매일 두 손 모아 하늘에 빈다고,-1
1120,우리 둘의 시간이 영원하길,1
1121,그게 참 아팠는데 그립기도 하더라,1
1122,둘이 가던 둘이만 알던,0
1123,수많은 거리 그 위로,-1
1124,하루하루 쌓여만 가던,0
1125,소중했던 추억 그 위로,-1
1126,우리 다시 돌아갈 수 있을까 알아,1
1127,결코 닿을 수 없는 시절의 우리,1
1128,그때는 이해할 수 없던,1
1129,너의 그 마지막,-1
1130,이젠 선명하게 다 알 것 같았어,1
1131,그래 우린 그렇게 사랑해서,1
1132,뻔한 이별마저도 우리다웠던 거야,-1
1139,그때의 우리처럼,1
1141,어설프던 풍경 그 위로,-1
1142,자라나고 쌓여만 가던,1
1143,어리숙한 모습 그대로,-1
1144,이제 다시 돌아가면 어떨까 그래,-1
1145,결코 보낼 수 없는 시절의 우리,1
1146,뭐하고 있었니 늦었지만,0
1147,잠시 나올래,1
1148,너의 집 골목에 있는,-1
1149,놀이터에 앉아 있어,1
1150,친구들 만나서 오랜만에,1
1151,술을 좀 했는데,-1
1152,자꾸만 니 얼굴 떠올라,0
1153,무작정 달려왔어,-1
1154,이 맘 모르겠니,1
1155,요즘 난 미친 사람처럼,-1
1156,너만 생각해,-1
1157,대책없이 네가 점점 좋아져,1
1158,아냐 안 취했어 진짜야,-1
1159,널 정말 사랑해,1
1160,눈물이 날만큼 원하고 있어,-1
1161,정말로 몰랐니,1
1162,가끔 전화해 장난치듯,-1
1163,주말엔 뭐할거냐며,0
1164,너의 관심 끌던 나를,-1
1165,그리고 한번씩 누나 주려 샀는데,1
1166,너 그냥 준다고,-1
1167,생색 낸 선물도 너 때문에 산거야,-1
1174,진심이야 믿어줘,1
1175,갑자기 이런 말 놀랐다면 미안해,-1
1176,부담이 되는게 당연해,-1
1177,이해해 널,1
1178,지금 당장 대답하진마,-1
1179,나와 일주일만 사귀어줄래,1
1180,후회없이 잘 해주고 싶은데,-1
1181,그 후에도 니가 싫다면,0
1182,나 그때 포기할게,-1
1183,귀찮게 안할게 혼자 아플게,-1
1184,진심이야 너를 사랑하고 있어,-1
1185,우리 다시 만날래,1
1186,예쁘게 빛나던,1
1187,모든 추억들이,1
1188,너무 그리워,-1
1189,너의 품에 안길래,-1
1190,이 밤이 새도록,-1
1191,네게 말할 거야,1
1192,너를 좋아한다고,-1
1193,안녕 그대야,-1
1194,요즘 어떻게 지내,1
1195,가로수길 걷다가,1
1196,생각이 나서,1
1197,행복해 보이는 사람들 속에,1
1198,우리 둘만 없어서,1
1200,늘 집에 갈 땐,0
1201,항상 뒤돌아보면,0
1202,날 보며 웃어주던,1
1203,네가 생각났어,1
1212,토요일마다 가던,-1
1214,이어폰 하나씩,1
1216,벚꽃엔딩같이 듣고 있으면,1
1217,부러울 게 없었어,-1
1218,너만 있으면,-1
1219,널 사랑할 때,1
1220,내가 너무 그리워,-1
1222,네가 보고 싶어,1
1231,같이 별 보러 갈래,1
1232,널 다시 만나면,1
1233,네 옆에 기대서,-1
1234,잠들고 싶어,1
1237,내 곁에 있어줘,1
1238,내겐 너뿐이라고,-1
1239,따분한 나의 눈빛이,1
1240,무표정했던 얼굴이,-1
1241,널 보며 빛나고 있어,1
1242,내 입술을 간지럽힌 낯선 그 이름,-1
1243,난 몰랐어 내 맘이 이리 다채로운지,1
1244,춤을 추곤 해 실컷 어지러울 만큼,-1
1245,한 칸 더 채우고 있어,0
1246,"잘 봐 1, 2, 3, 4, 5, 6, 7",0
1247,투명한 너와 나의 사이,-1
1248,가만히 들여다보다,0
1249,일렁인 물결 속으로,0
1250,더 빠져드는 걸,0
1251,셀 수 없이 반복해도 기분 좋은 꿈,1
1252,감히 누가 이렇게 날 설레게 할 줄,1
1257,내 앞에 있는 너를,-1
1258,그 눈에 비친 나를 (그 눈에 비친 나를),1
1260,그 눈에 비친 나를,1
1261,가만히 바라봐,0
1262,서둘러 오진 마,-1
1263,이 순간이 좋아 난,1
1264,미처 몰랐어 내 맘이 이리 다채로운지,1
1272,사랑하게 됐거든,1
1273,너를 정말 사랑했나 봐 아직도 널 못 잊었나 봐 자꾸만 생각나,-1
1274,시간은 왜 자꾸 나에게 아픈 기억은 다 지우고 좋은 추억만 남아,-1
1275,우 함께 울고 웃던 계절에 다시 만난다면,-1
1276,보고싶었어 사랑했던 그때의 너와,-1
1277,니 곁에 그리고 나 널 바라만 봐도 눈물 나게,-1
1278,마냥 좋았어 너에게 못다 한 그 말,-1
1279,조금은 늦었겠지만 아직 널 사랑한다고 말야,1
1283,너도 내 맘 같기를,-1
1284,그땐 정말 어렸었나봐 사랑을 잘 몰랐었나 봐,1
1285,그게 마음이 아파,-1
1286,우 오늘처럼 눈부신 날에 다시 만난다면,1
1290,조금은 늦었겠지만 (늦었겠지만) 아직 널 사랑한다고,1
1291,꽃 피는 봄이 온 것처럼,1
1292,당연한 듯 내곁에 머물 줄만 알았어 (항상),1
1293,주는 게 사랑이란 걸 그때야 난 깨달았어,1
1294,니가 떠난 후에야,0
1295,나 너에게 참 고마웠다고 벅차 행복했다고,-1
1296,사랑을 가르쳐 준 니가 참,1
1297,보고싶었어 (보고싶었어) 너에게 듣고 싶은 말,-1
1298,아직 늦지 않았다고 (늦지 않았다고) 너도 날 기다렸다고 말야,-1
1302,잠이 오지 않는 밤,-1
1303,습관처럼 너를 그린다,-1
1304,작은 소리에도 혹시나,1
1305,네가 흩어질까 겁이나,1
1306,보고싶었어 보고싶었어,0
1307,말은 하지 못하고,0
1308,메마른 한숨을 마신다,-1
1309,머문 자리마다 추억은 태어나고,1
1310,노래는 그렇게 우리를,1
1311,다시 이어 붙여,0
1312,말하지 못한 수많은 그 얘기들은,0
1313,이제 지난 시간 속에 그대로 놔두고,1
1314,거기서 자라난 너와의 기억,-1
1315,가만히 가슴에 새겨,1
1316,누구든 네가 그리울 때 언제라도,-1
1317,여기 영원처럼 남겨진,1
1318,너의 빛나던 미소 하나하나 다,-1
1319,모두 꺼내서 보여줄거야,1
1320,아무 일도 없듯이,-1
1321,나의 시간은 또 흘러가,1
1322,애써 외면한 빈자리가,-1
1323,커질수록 더 크게 웃어,1
1324,괜찮을거야 괜찮을거야,0
1325,마음을 달래봐도,1
1326,자꾸만 커지는 네 모습,1
1328,우리는 그렇게 노래가 되어,1
1337,이렇게 너를 안아,-1
1338,흘러가는 시간에 맞서 기대어,-1
1339,너를 바라본다,-1
1340,말없이 전하는 너의 마음을,-1
1345,모두 꺼내어 주려해,1
1346,네가 흩어지지 않게,1
1347,너랑 입으려 고른 옷 오늘 받아봤어,-1
1348,오래 걸려서 잊고 있었는데,-1
1349,곧 있을 너의 생일에 예약해놨던,-1
1350,커플링마저 취소를 했어,-1
1351,우리 헤어지는 게 이젠 혼자라는 게,-1
1352,아직 실감이 안 나는데 난 어떡할까,-1
1353,너를 떠나보낼 준비해 둘걸 그랬어,-1
1354,나랑 있으면,1
1355,어떤 불편도 괜찮은 줄만 알았어,-1
1356,다급히 네 맘을 붙잡으려 해도,-1
1357,이미 마음 정해버린,1
1358,너의 대답에 아무 말 못 하던,-1
1359,끝까지 바보 같던 내가 싫어,-1
1360,멍하니 있다가도 전화벨이 울리면,-1
1361,네 목소리가 들릴 것 같아 어떡할까,1
1369,날 보기 싫겠지만,1
1370,어떻게든 널 붙잡고 싶은데,0
1371,널 되돌릴 방법이 없어,0
1372,네가 없는 나의 하루는,1
1373,아무것도 잡히지가 않아,-1
1374,다 미안해 보고 싶어,-1
1375,사랑한다는 말 많이 해줄 걸 그랬어,1
1376,사랑받으면 예뻐진다는데,1
1377,나 땜에 많이 야위었어,-1
1378,마지막 가는 길 데려다준대도,-1
1379,괜히 맘 약해진다며,1
1380,뒤도 안 보고 서둘러 떠나던,-1
1381,너의 맘은 그동안 어땠을까,-1
1382,끝없이 별빛이 내리던 밤,-1
1383,기분 좋은 바람이,1
1384,두 빰을 스치고,0
1385,새벽 바다 한곳을 보는,-1
1386,아름다운 너와 나,-1
1387,그림을 그려갔어,0
1388,모래 위 떨린 손끝으로,-1
1389,날 향해 웃어주는 입술,-1
1390,끝 모양과 저 달보다,-1
1391,사랑스러운 두 눈을 가진 네가,1
1392,다정히 내 이름을,1
1393,부르면 내 마음이,1
1394,녹아내려 언제나,-1
1395,나 하날 위해 준비된,1
1396,선물 같아 널 안으면,1
1397,잠들지 않는 바다 위를,0
1398,너와 함께 걷는 거 같아,-1
1399,하늘 아래 너와 나,-1
1400,남은 내 모든 날을 너에게,-1
1401,다 줘도 안 아까워,0
1402,이제서야 내가,1
1403,사랑에 눈을 뜬 건 가봐,1
1404,경험하지 못했고,0
1405,믿기지 않는 일만,1
1406,일어나고 있는 거 아니,1
1407,5월에 피는 봄꽃 처럼,1
1408,내 사랑도 피어나,1
1409,부는 바람에 살며시 실어 보내,1
1418,설레는 지금이,1
1419,꿈이 아닌 걸 알잖아,0
1420,난 더 바랄 게 없어,0
1421,먼 훗날 내 생애,1
1422,아주 작은 소리로,1
1423,귓가에 말할 거야,0
1424,내 곁에 머물러줘서,1
1425,마음 다해 고맙다고,1
1426,어떤 말로도 표현 못 할,0
1427,내 인생의 전부였다고,1
1428,이 순간 너를 꼭 안고,-1
1429,고백할게 언제나,1
1430,우리 모든 날들과,1
1431,별빛 아래 우리 그림자,1
1432,제일로 특별하다고,1
1433,길고 긴 겨울 끝을 지나,-1
1434,너의 앞에 서있는 지금,-1
1435,선명한 목소리로,1
1436,널 사랑한다고,1
1438,잊지는 말아요 함께 했던 날들,1
1439,눈물이 날 때면,-1
1440,그대 뒤를 돌아보면 돼요,1
1441,아프지 말아요 쓸쓸한 마음에,1
1442,힘든 일이 참 많았죠 그대에겐,-1
1443,내가 곁에 있을게요,1
1444,그댈 위해 노래할게요,1
1445,잊지 말아요,0
1446,그댈 위해 약속할게요,1
1447,언젠가 우리 시간 지나면,1
1448,알게 되겠죠,0
1449,그땐 웃을 수 있죠 나 약속할게요,1
1450,그땐 미소 짓겠죠,1
1451,작은 행복까지 모두,1
1452,외롭고 지칠 때 손잡아 줄게요,1
1453,슬픔이 짙어질 때면 위로해 줄,-1
1454,그 한 사람이 될게요,1
1455,그대 부디 울지 말아요,-1
1456,슬퍼 말아요,0
1457,그대에게 빛이 될게요,1
1461,폭풍 속에 혼자 남아 헤매도 오,-1
1462,길이 되어 지킬게요 그대,1
1466,어두운 길을 밝게 비추는,0
1467,그대의 빛이 될게요,1
1468,네가 없이 웃을 수 있을까,1
1469,생각만 해도 눈물이나,-1
1470,힘든 시간 날 지켜준 사람,-1
1471,이제는 내가 그댈 지킬 테니,1
1472,너의 품은 항상 따뜻했어,-1
1473,고단했던 나의 하루에,-1
1474,유일한 휴식처,1
1475,나는 너 하나로 충분해,-1
1476,긴 말 안 해도 눈빛으로 다 아니깐,1
1477,한 송이의 꽃이 피고 지는,1
1478,모든 날 모든 순간 함께해,1
1479,햇살처럼 빛나고 있었지,1
1480,나를 보는 네 눈빛은,1
1481,꿈이라고 해도 좋을 만큼,1
1482,그 모든 순간은 눈부셨다,1
1483,불안했던 나의 고된 삶에,-1
1484,한줄기 빛처럼 다가와,1
1485,날 웃게 해준 너,-1
1490,알 수 없는 미래지만,0
1491,네 품속에 있는 지금 순간 순간이,1
1492,영원 했으면 해,1
1493,갈게 바람이 좋은 날에,1
1494,햇살 눈부신 어떤 날에 너에게로,-1
1495,처음 내게 왔던 그날처럼,1
1497,알아 내 맘에 조용히,-1
1498,문을 두드리면,0
1499,눈에 뿌옇게 고여버린,1
1500,널 흘려보내야 해,1
1501,기억은 저 빠른,0
1502,시곗바늘을 놓쳐,0
1503,처음 널 알아본,0
1504,마지막에 웃어보일거야,-1
1505,사선을 트는 저 빛은,1
1506,날 향해 불을 피우고,1
1507,재가 되지 않으려,-1
1508,난 돌아서지만,0
1509,빈 갈피에 차오른,-1
1510,우리라는 색은,1
1511,완벽할 필요 없이,1
1512,아름다운 영화였어,1
1513,우리가 머문 밤 사이,-1
1514,피어버린 심장소리에,1
1515,밤 하늘의 별을 이어,-1
1516,널 그리는 걸,0
1517,이 시간의 난,0
1518,너와의 시간을 물 들이고,-1
1520,이름으로 지어지나봐,1
1521,저 별도 달도 사랑한,1
1522,우리의 파란 하늘은,1
1523,손 닿을 필요 없이 부서진,1
1524,은하수인것 같아,0
1531,첫 사랑이라는,1
1535,이름으로 지워지나봐,1
1536,쏟아져 내려와 불빛이,1
1537,미친 듯이 벌어 재껴,-1
1538,싸구려 천 쪼가리들 대신,-1
1539,돈을 제때 안 준다면,0
1540,명품 로고 박힌 티에 배바지,0
1541,뻘소리가 절반인 너완 달리,-1
1542,영감의 샘이 마르지 않아,0
1543,허풍이 네 유일한 자존감 음흠,-1
1544,걔네 꿈은 쬐끄만 호빗,-1
1545,나는 숲속에 사는 거인,1
1546,너는 못 가져 내 멋,-1
1547,촌스러운 건 너의 유전,-1
1548,아저씨 씨 저리 좀 비키시 시 시고,-1
1552,도윤이 눈에 난 아저씨,-1
1553,껍데긴 가라 동엽 신,0
1554,꼰대들의 조언은 반사,-1
1555,귓바퀴로 깔아둬 메이웨더,0
1556,패배는 없다 게임에는,-1
1557,포기 못해 전세금도,-1
1558,적금 들어봤자 푼돈,0
1559,다 뺏을 거야 네 집과,1
1560,꿈자리도 왜 벙쪄있어,0
1561,가서 돈 벌어,0
1562,집에 지붕 만들어야 내 꿈,1
1563,지킬 수 있어 다 비켜라 비켜,0
1564,미래 줍기 싫어 폐품,-1
1565,날 믿고 걸어라 판돈,-1
1566,나 때란 말은 싫어,1
1567,좋음 가라 그때로,0
1568,널 위한 날 위해 하는 말,1
1569,말할 거면 받아 듣는 값,0
1570,줄 돈이 없다면,0
1571,앨범 안 냈어 몇 백 준대도,0
1572,난 실력 더 벌어야 돼서,0
1573,만족 못 했어 7년을 지킨,0
1574,내 태도 내 식구들 챙겨야 돼서,1
1575,큰 걸 원했어 그렸던 대로,0
1576,이제는 됐어 김재욱 벗어난 궤도,-1
1577,수천 번이고 더 보여준 차이,0
1578,안 빼고 모조리 씹어 난 금이빨까지,-1
1579,우리는 떠나지 너 자는 사이,-1
1580,어쩌면 일리 엠비션에 싸인,0
1581,쇼머니 우승 그 이상을 차지,1
1586,튀어나온 배,1
1587,아직 한 발 남았다고 손 떼,-1
1588,이제 보게 되어버려 성전,0
1589,난 배울 시간 동갑이 형님께,-1
1590,네 코 베여도 난 태평,1
1591,미친 거 같다는 소리 들어 감아 태엽,-1
1592,난 너의 래퍼 이름은 다민,-1
1593,모 아니면 빽도 기어이 쇼미로,0
1594,벌써 난 무대 아래,0
1595,수유리가 그리워요,-1
1596,여기 사회악 내겐 애미 애비여,-1
1597,잼민이들 가십 내겐 업이여,-1
1598,힙합퍼들 반은 내게 뻑갔어 이미,1
1599,걔네 힙합 아냐 장르 코믹,1
1600,하는 거라곤 랩도 못돼 거의 허밍 요,0
1601,드디어 그들이 원해,1
1602,어필 필요 없어 난 뭘 입어도,1
1603,어르신을 보니 랩할 필요 없어,0
1604,실컷 꾸다 깨도 꿈인 현실이 보여,0
1605,누릴 수 있을 때 누리어요,0
1606,네 마음에 들 다음 세댄 나밖에 없어,1
1607,꼰대 힙합팬들아 이리 온,-1
1608,다 따다 놓은 떡상 안 봐도 비디오,0
1613,사랑한다 말하고 보고 싶다 말하고,1
1614,많은 걸 약속하고 미래를 꿈꾸던 날들,1
1615,내가 줬던 사랑이 당연해진 걸까,1
1616,언제부터 너의 맘이 변했을까,-1
1617,갑자기 온 전화는 날 불안하게 만들어,-1
1618,혹시 무슨 일 있는 건지 걱정을 하다,1
1619,다시 만나자고 하지는 않을까,1
1620,괜한 기대를 해 잠들 수 없어,-1
1621,새벽에 걸려온 너의 전화는,-1
1623,실수였다고 난 생각할게,-1
1624,냉정하게 뿌리치고 매달렸던,-1
1625,날 밀어낸 넌데,1
1626,뜨는 너의 이름에 눈물만,-1
1627,미안한 마음이야 아쉬운 마음이야,-1
1628,애써 날 위해 주는척한 행동인 거니,-1
1629,받아볼까 하다 정신을 차렸어,1
1630,목소리를 들으면 울 것 같아서,-1
1637,상처받은 내 마음을 알아줘,-1
1638,내가 아픈 만큼 더 힘들어줘,-1
1639,내가 좀 유치해 보인다 해도,-1
1641,울리는 단 몇 초의 벨 소리에,-1
1642,널 미워한 맘이,-1
1643,완벽히 무너질 것 같았어,-1
1644,잊으려 몸부림치고,0
1645,내 삶에서 분명 지웠는데,1
1647,나는 읽기 쉬운 마음이야,1
1648,당신도 스윽 훑고 가셔요,1
1649,달랠 길 없는 외로운 마음 있지,1
1650,머물다 가셔요 음,0
1651,내게 긴 여운을 남겨줘요,1
1652,사랑을 사랑을 해줘요,1
1653,할 수 있다면 그럴 수만 있다면,0
1654,새하얀 빛으로 그댈 비춰 줄게요,1
1655,그러다 밤이 찾아오면,-1
1656,우리 둘만의 비밀을 새겨요,-1
1657,추억할 그 밤 위에 갈피를 꽂고선,-1
1658,남몰래 펼쳐보아요,-1
1659,나의 자라나는 마음을,1
1660,못 본 채 꺾어 버릴 순 없네,1
1661,미련 남길바엔 그리워 아픈 게 나아,-1
1662,서둘러 안겨본 그 품은 따스할 테니,-1
1667,언젠가 또 그날이 온대도,1
1668,우린 서둘러 뒤돌지 말아요,-1
1669,마주보던 그대로 뒷걸음치면서,1
1670,서로의 안녕을 보아요,-1
1671,피고 지는 마음을 알아요,1
1672,다시 돌아온 계절도,0
1673,난 한 동안 새 활짝 피었다 질래,1
1674,또 한번 영원히,1
1675,그럼에도 내 사랑은,1
1676,또 같은 꿈을 꾸고,0
1677,그럼에도 꾸던 꿈을,0
1678,난 또 미루진 않을거야,0
1679,대체 어디서 뭐 하는지 궁금해,1
1680,침대가 허전해 잠이 안 오잖아,1
1681,그 고민을 내게 털어놓던,-1
1682,너의 표정이 아직 선명해,-1
1683,소파에 벤 니 향기가 비릿해,-1
1684,미리 알아도 난 이리,0
1685,멍청하게 행동을 해버린다니까,-1
1686,어쩔 수 없어 널 보고 싶은걸,0
1688,나 아프더라도 몰라,1
1692,말할까 내 불안에 불안을,-1
1693,매일 빠져있던 너의 반지같이,-1
1694,허전함 사이사이,-1
1695,그 자리의 기회를,0
1696,너는 넘 빨리 들렀다 가기 땜에,-1
1697,나는 타이밍 안 맞아 매일 바삐,-1
1698,화를 내야 할지 아니면 그냥 아기처럼,1
1699,울어버리고서 떼를 써야 할지,-1
1700,이러니 내가 노력해도,1
1701,시간이 없으니 어쩌겠어,0
1702,할 말이 하나밖에 더 있겠어,1
1710,가끔은 쉽게 발을 빼,0
1711,분명 네 꿈 짓밟기 위해,1
1712,신발을 사는 사람 있을 테니,0
1713,취소가 불가능해 많은 사람들한테,-1
1714,네 말은 세상 비슷한 걸 테니까,1
1715,참아야 해 아무 답이 없대,-1
1716,남겨지긴 싫고 떠나는 것도 두려워,1
1717,사람은 잘만 왔다가 떠나는데,1
1718,선택지가 있는데 안 좋은 결정했대,1
1719,난 돈은 그럴 때 쓰려고 버는 건데,0
1720,난 지켜야만 하는 게 너의 자존심인데,-1
1721,다 지키면서 살 수만은 없기에,0
1722,답이 없네 아무 답이 없네,-1
1723,밖을 쳐다보았겠지만,0
1724,살짝 독해지는 걸 느껴 어른처럼,-1
1725,짐을 싸고 떠날 거야,1
1726,거지 같은 거리에서,-1
1727,벌어지는 많은 일 괜찮냐 물었어,0
1728,혼자 다 참아야만 했나 봐,-1
1729,멀어지는 거지 같은 거리에서,-1
1731,혼자 다 삼켜야만 했나 봐,-1
1732,넌 늘 아파하고 난 늘 도와주려고만 하지,-1
1733,구해달라 한적 한번 없이,1
1734,혼자 붕대를 감지,-1
1735,난 네 등 뒤에 있어 또 등은 손 안 닿고,1
1736,혼자 낑낑대는 너를 보면 장전된 총,-1
1737,얼굴에 대고 살아가는 것만 같아,0
1738,넌 나무 위에 올라간,1
1739,새끼 고양이 같은 거 아니라고,1
1740,혼자 그냥 두라고 슬퍼하게 두라고,-1
1741,혼자 슬퍼해서 좋을 건 또 뭔데,-1
1742,수다나 떨길 바래,-1
1743,세월 가면 잊혀질,-1
1744,점수 따위에 연연하지 말고,-1
1745,너의 하루가 매일 행복 일순 없겠지만,-1
1746,내 역할은 그 사실을 부정하는 것,-1
1747,널 다치게 한 하루를 용서하지도 말 것,-1
1748,물밀려 오듯 올 거야,0
1749,그 위험은 다 나의 것,-1
1750,넌 알아둬야 해 이걸,1
1751,언젠간 나 역시도,1
1752,무너져 버리고 말 거야,-1
1753,이 거지 같은 세상에서,-1
1754,혼자는 불가능하겠지만,-1
1755,그때 가선 너의 가족을 꾸리게 될 거야,-1
1756,너무 좋은 거래엔 항상 거짓이 섞여 있어,-1
1757,사람을 곁에 두되 너무 믿지 말 것,-1
1758,내가 너한테 그랬었던 것처럼 무조건,-1
1759,너의 아이들을 절대적으로 지킬 것,-1
1760,첫눈 오는 이런 오후에,1
1761,너에게 전화를 걸 수만,-1
1762,있다면 기쁠텐데,1
1763,벌써 일년이 지났는데,0
1764,난 아직 미련 가득해서,-1
1765,"""쓸쓸해"" 어느새 혼잣말",-1
1766,(시계를 되돌려),0
1767,1년 전으로 갈 수 있다면,0
1768,(마음을 되돌려),1
1769,지금 우린 달라졌을까,0
1770,그래도 만약,0
1771,너를 만나면 눈물 차 올라,-1
1772,바보 같은 난 아무 말 못해,-1
1773,"말해줘 메리 메리 크리스마스,",1
1774,안녕 잘 지내는거지,-1
1775,눈이 내리면 멍든 가슴이,-1
1776,모두 하얗게 다 덮여지게 될까,0
1777,미안해 잘해주지 못해,-1
1778,"후회만 가득 가득 했던,",-1
1779,그 크리스마스,1
1780,불빛 가득한 거리거리,1
1781,혼자 걸었어,-1
1782,다들 행복해 보여,1
1783,너는 언제나 공기처럼,-1
1784,"있어줄 거란 착각에,",0
1785,"멍청히 보내,",-1
1786,내가 너무 미안해,-1
1787,(너무 흔한 얘기),-1
1788,지나고 나면 너무 소중해,-1
1789,(항상 지나치지),1
1790,왜 그때는 모르는 걸까,0
1791,지금은 다를 거야,0
1799,눈물인지 눈 때문인지,-1
1800,"점점 너 멀리 멀리 보이던,",-1
1802,정말 신기한 일이야 너의,-1
1803,생각만으로 눈물 차 흐르니말야,-1
1804,다시 너에게로 가고 싶어,-1
1805,무슨 일이든 할 수 있어,0
1806,지금까지 삶이,0
1816,(눈물 차 올라),-1
1818,(아무 말 못하는 나 인걸),-1
1820,잘 지내는거지,-1
1826,밤하늘의 별을 따서 너에게 줄래,-1
1827,너는 내가 사랑하니까,-1
1828,더 소중하니까,1
1829,오직 너 아니면 안 된다고,-1
1830,외치고 싶어 그저,1
1831,내 곁에만 있어줘,1
1832,떠나지 말아줘,1
1833,참 많이 어색했었죠 널 처음 만난 날,-1
1834,멀리서 좋아하다가 들킨 사람처럼,1
1835,숨이 가득 차올라서,1
1836,아무 말 하지 못했는데,-1
1837,너는 말 없이 웃으며 내 손 잡아줬죠,-1
1842,외치고 싶어,1
1843,그저 내 곁에만 있어줘,1
1845,널 좋아하는 내 마음이 표현이 안 돼,1
1846,꿈이 아니면 좋겠어 자꾸 웃음 나와,1
1847,내 모든 걸 다 준대도,1
1848,너에겐 아깝질 않아,-1
1849,이 순간이 영원하길 난 정말 행복해,1
1859,많고 많은 사람 중에,0
1860,너를 만나서 행복하고 싶어,-1
1861,두 번 다시 울지 않을래,-1
1862,오직 내 눈에는 너만 보여,-1
1863,나를 아껴줘 이제부터,1
1864,혼자가 아니야 우린 함께니까,-1
1866,나나나 난난 난난나,1
1867,나 나나나 난난 난난나 나나난나,1
1871,20 22,0
1872,우리 다시 웃고 울고 지지고 볶고,-1
1876,너무 좋아 북적거리네,-1
1877,야 내가 뭐 하는 사람인지 까먹었지?,1
1878,시간이 지나도 변함없이,1
1879,내가 바라보고 바라왔던 사람들아,1
1880,되려 늘어난 맷집 때리던 분이 불편하겠지,-1
1881,너네 바람대로 망할 거라 고사 지낸,-1
1882,사람들을 모아다가 가볍게 때찌,-1
1883,민윤기와 박재상,-1
1884,네가 머문 이 세상이 더,1
1885,아름다운 건,1
1886,겁 없이 외치던 말 '사랑해 너를',-1
1888,터지는 눈물이,-1
1890,난 그냥 전부 던진 거야,1
1891,아무런 망설임 따위도,-1
1892,멋대로 끌렸던 그대로,1
1893,우리는 영원,1
1894,전율 속에 뜨거운 그 맘을 던져,1
1895,날 꼭 안아 절대 놓치지 마,-1
1896,가슴이 뛰잖아,1
1897,다시는 아파하지 마,-1
1898,너의 마음을,-1
1899,우린 다 알아,0
1900,다 알아,0
1901,내 곁에 있어 줘,1
1902,이 순간도 마지막처럼,-1
1905,언제나 너의 곁에 있고 싶은데,-1
1906,널 생각하면 강해져,1
1907,우리 꼭 영원하자,1
1908,우리 머문 이 세상에서,1
1909,네게 말했어,1
1910,다시 태어나도 널 사랑할게,1
1911,모든 것 내 전부인 너 (전부인 너),-1
1912,전율 속에 (그 전율 속에),1
1913,뜨거운 그 맘을 던져,1
1914,날 좋아하던 그때,1
1915,수줍게 꽃을 건네던 너에게,-1
1916,웃으며 손을 내밀었지,1
1917,온통 둘뿐인 밤거릴 걷다가,-1
1918,너와 눈이 마주친 그날,-1
1919,달빛에 비춰진 우리의 흩어진 잔상,1
1920,너의 이야기에 취해,-1
1921,밤하늘의 별이 쏟아질 것만 같은 기분,-1
1922,날 바래다준 그때,1
1923,수줍게 인사를 건네던 너에게,-1
1924,살며시 입을 맞추었지,1
1925,한 손엔 진한 커피,1
1926,우리가 새긴 별자릴 찾다가,1
1931,그래 니가 내 옆에 있는 꿈,1
1932,붉게 물들어진 우리의 오래된 잔상,-1
1934,온 세상의 별이 쏟아질 것만 같은 기분,1
1935,두 발이 땅에 닿지 않을 때,0
1936,당신의 마음이 당신을 넘볼 때,1
1937,꿈이 나를 집어삼킬 때,1
1938,내가 내가 아닐 때,1
1939,그 모든 때,1
1940,불꽃을 나는 동경했었네,1
1941,그저 화려하게 지고 싶었네,1
1942,시작의 전부터 나 상상했었지,1
1943,끝엔 웃으며 박수 쳐 줄 수 있길,-1
1944,나 소원했었네,1
1945,믿었던 게 다 멀어지던 때,1
1946,이 모든 명예가 이젠 멍에가 됐을 때,-1
1947,이 욕심을 제발 거둬가소서,-1
1948,어떤 일이 있어도,0
1949,오 나를 나로 하게 하소서,1
1950,내 심장소리에 잠 못 들던 밤,-1
1951,창밖에 걸린 청승맞은 초승달,0
1952,저기 날아오르는 풍선을 애써 쥐고,-1
1953,따져 물어 대체 지금 넌 어디에,0
1954,저 하늘에 흩어질래,1
1955,저 하늘에 눈부시게,1
1956,그 어디까지가 내 마지막일까,-1
1957,"전부 진저리 나, 하나 열까지 다",-1
1958,이 지긋지긋한 가면은 언제 벗겨질까,-1
1959,아무것도 아닌 나,-1
1960,공회전은 반복돼 기억들은 난폭해,-1
1961,난 누워 들판 속에 시선을 던져 하늘 위에,1
1962,뭘 원했었던 건지 이제 기억이 안 나,1
1963,얻었다 믿었던 모든 행복은 겨우 찰나,1
1964,그게 뭐가 됐건,0
1965,새벽의 옷자락을 붙잡고 뭔가 토해내던 기억,-1
1966,목소리만 큰 자들의 사회,0
1967,난 여전히 침묵을 말해,-1
1968,"이건 방백, 완숙한 돛단배",0
1969,모든 오해 편견들에 닿게,-1
1970,반갑지 않아 너의 헹가래,-1
1971,내 두 발이 여기 땅 위에,1
1972,이름도 없는 꽃들과 함께,1
1973,목적 없는 목적지로,0
1974,슬픈 줄도 모르고,0
1975,그림자마저 친구로,1
1978,문득 멈춰보니 찬란한 맨발,1
1979,원래 내 것은 아무것도 없었지,-1
1980,난 절대 그들처럼 될 수 없으니,-1
1981,그래 내 시작은 시,1
1982,타는 불꽃에서 들꽃으로,1
1983,소년에서 영원으로,1
1984,나 이 황량한 들에 남으리,1
1985,아 언젠가 나 되돌아가리,1
1991,내가 내가 아닌 때,1
1993,미안해 마요 이제야 난 깨달아요,-1
1994,내 절대 그대 짝이 아님을,-1
1995,괜찮을게요 영혼 밖에 팔 것 없는,-1
1996,못난 날 잘 비켜갔어요,-1
1997,그대 행복 내가 꼭 아니라도,1
1998,지킨다면 그게 사랑일 테죠,1
1999,그게 나의 몫이죠,1
2000,잘 가요 내 소중한 사람,1
2002,그래도 이것만 알아줘요,0
2003,지금 그 사랑보다,1
2004,결코 내 사랑이,1
2005,부족하다거나 얕지 않음을,-1
2006,잊어도 돼요 나를 만난 시간들은,1
2007,잠깐의 연극이라 여김을,0
2008,잘한 거예요 아무리 난 노력해도,-1
2009,작은 희망도 없잖아요,0
2010,"아주 멀리, 멀리 뛰어가세요",1
2011,어떡해요 자꾸 잘못한 일만,1
2012,떠오르는 걸,1
2016,지금 그 사랑보다 결코 내 사랑이,1
2018,어긋난 인연이 남겨놓은 사랑이란,-1
2019,날카로운 슬픔이군요,-1
2020,잘 가요 내 사랑아 고마웠어요,1
2025,너를 위해 해 줄 것이 하나 없어서,-1
2026,보낼 수밖에 없었고,0
2027,네가 없이 사는 법을 알지 못해서,1
2028,순간순간을 울었다,-1
2029,후회로 가득한 한숨 자락이,-1
2030,시린 바람처럼,1
2031,가슴 치는 날 그 언젠가,1
2032,우리 만날 수 있을까,1
2033,다시 만날 수 있을까,1
2034,그리 좋던 예전처럼 그때처럼,0
2035,되돌아갈 수 있을까,0
2036,다시 우리가 만나면,1
2037,무엇을 해야만 할까,1
2038,서로를 품에 안고서,1
2039,하염없이 눈물만 흘려볼까,-1
2040,붙잡을 마음이야 없었겠냐마는,1
2041,그때 난 부끄러웠다,0
2042,떳떳하게 일어나 널 다시 찾아갈,1
2043,뜨거운 꿈만 꾸었다,0
2044,둘이 함께 했던 순간순간이,1
2045,시린 폭포처럼,0
2046,쏟아지는 날 그 언젠가,1
2055,그리운 마음이 서럽게 흘러넘쳐,1
2056,너에게 닿을 때,-1
2065,이듬해 질 녘 꽃 피는 봄 한여름 밤의 꿈,-1
2066,가을 타 겨울 내릴 눈 1년 네 번 또다시 봄,-1
2067,정들었던 내 젊은 날 이제는 안녕,-1
2068,아름답던 우리의 봄 여름 가을 겨울,-1
2069,비스듬히 씩 비웃듯 칠색 무늬의 무지개,-1
2070,"차이코프스키, 오늘의 사계를 맞이해",1
2071,"마침내, 마치 넷이 못내",1
2072,떠난 사람 또 나타난 사람,1
2073,머리 위 저세상,1
2074,지난 밤의 트라우마 다 묻고,-1
2075,목숨 바쳐 달려올 새 출발 하는 왕복선,-1
2076,변할래 전보다는 더욱더,0
2077,좋은 사람 더욱더,1
2078,더 나은 사람 더욱더,1
2079,아침 이슬을 맞고 내 안에 분노 과거에 묻고,-1
2080,울었던 웃었던 소년과 소녀가 그리워 나,-1
2081,찬란했던 사랑했던 그 시절만 자꾸 기억나,1
2082,계절은 날이 갈수록 속절없이 흘러,-1
2083,붉게 물들이고 파랗게 멍들어 가슴을 훑고,-1
2084,언젠가 다시 올 그날 그때를 위하여 (그대를 위하여),1
2085,아름다울 우리의 봄 여름 가을 겨울,-1
2087,가을 타 겨울 내린 눈 봄 여름 가을 겨울,-1
2088,색안경 끼고 보는 게 죄지,0
2089,내 멋대로 갈 거야,1
2090,원래 두려운 게 없어 난,0
2091,나로 살고 싶어,1
2092,턱 끝을 치켜올린 채로,-1
2093,시작도 안 했어 난,0
2094,요즘 꽂힌 말이 하나 있지,1
2097,자유롭게 뛰고 싶어 다른 사람,1
2098,어디까지 가게 될지 모르지만,0
2100,턱 끝을 치켜 올린 채로,-1
2103,같이 걸어 가보자고,0
2104,토요일에 영화나 볼래,-1
2105,새로 생긴 맛집도 가고,1
2106,시원한 아이스크림 들고서,0
2107,우리 같이 걸을래,1
2108,자전거로 한강에 갈래,0
2109,다정하게 사진도 찍고,1
2110,달달한 가을 멜로디,1
2111,밤새도록 들을래 너와,-1
2112,사실 예전부터,1
2113,혼자서 좋아했던 너를,-1
2114,난 알았어,0
2115,네가 찾아왔던 밤에,-1
2116,어쩌면 우리가 될 거라 생각했어,1
2117,이상하게 나도 좋아져,1
2118,괜히 보고 싶어,1
2119,"안녕 뭐해 있잖아, 우리 둘이",-1
2128,취해 전화해서,-1
2129,아무 말 늘어놓던 네가,-1
2131,너를 기다리는 내가,-1
2132,낯설어 한동안 겁이 나 망설였어,1
2133,요즘 따라 연락이 오면,0
2134,나도 보고 싶어,1
2135,"지금 뭐해 있잖아, 우리 둘이",1
2144,가을밤 하늘,-1
2145,별을 세다가,1
2146,이제 우리 둘이 우리 둘이 나나,1
2147,매일 밤 너와,-1
2149,그래 우리 둘이 우리 둘이 나나,1
2150,장난스레 손잡아 줄래,-1
2151,같은 색깔 티셔츠 입고,1
2154,오늘 밤엔 너랑 있을래,-1
2155,니 어깨에 기대도 보고,-1
2158,이건 비밀이야 쉿 우리만의,-1
2159,어쩌니 내게 뺏겨버린 환심,-1
2160,겁내지 말고 이리 온,1
2162,예상 못 한 순간 등장하지 불쑥,1
2163,알아도 막을 수 없는 반칙,0
2166,멀리멀리 달아나도 소용없어 이미,1
2169,사실 난 너를 사랑한다고 말할 땐,-1
2170,너에게 그 말이 듣고 싶어서라고,-1
2171,오늘이 가기 전에 들을 수 있을까,1
2172,애타는 내 마음을 알기나 하는지,1
2173,어떤 하루에 미소를 짓는,1
2174,너의 얼굴을 바라보다가,-1
2175,나도 모르게 사랑한다고,1
2176,너에게 버릇처럼 하는 말,-1
2177,항상 무뚝뚝하기만 하던 내가,1
2178,너를 만나고 변해가,-1
2179,혹시 너도 나와 같을까,-1
2180,나를 사랑한다면,1
2185,서툰 말 한마디도 못하고,0
2186,내 손만 잡고 있는 너에게,-1
2187,어설픈 말장난을 섞으며,-1
2188,나름 네 눈치도 보고 있어,1
2189,사랑한단 말이 듣고 싶은데,1
2190,그게 어려운 너에게,-1
2191,조금 용기 낼 순 없을까,1
2192,나를 사랑한다고,1
2197,날 좋아한다,1
2198,날 사랑한다,1
2203,들뜨는 기분에 완벽한 날씨까지,1
2204,전부 선물 같지,1
2205,또다시 네게 건네,1
2206,두 손을 꼭 모은 채로,1
2207,뭐든 상상해 봐,1
2209,네가 원한 모든 걸 다 보여주고 싶어,1
2210,불꽃아 타올라 어서 빨리빨리,1
2211,바로 오늘이야,1
2212,우리 맘대로 이뤄지지,1
2213,자꾸 입꼬리가 올라가,1
2214,눈뜨면 이 모든 게,1
2215,사라져도 어때,0
2216,두 눈을 맞춘다면,1
2217,너도 느껴지지,-1
2218,내 말이 다 맞지,1
2220,계속 상상해 봐,1
2221,너에게만 주고 싶어,-1
2227,하얀 눈이 내려올 때면,1
2228,온 세상이 물들을 때면,1
2229,눈꽃이 피어나 또 빛이 나,1
2230,눈이 부신 너처럼,-1
2231,꾹꾹 참아도,-1
2232,네가 내게 불러 준,1
2233,늘 불안불안 해 꿈처럼 깰까 봐,-1
2234,하늘에게 감사해,1
2239,사랑할 수 밖에 없어서,1
2240,사랑한 네 손 잡고서,1
2241,첫 눈 위를 걸어 발자국을 새겨,1
2242,이 길 끝까지 걸어 갈 거야,-1
2243,네 여자친구가 되고만 싶은 걸,1
2244,너의 곁에 있을게,-1
2253,매일 매일 너 때문에 행복해,-1
2254,다른 누구 아닌 나를,1
2255,나도 믿기지 않아,1
2256,지금 네가 내 옆에,1
2257,이렇게 손 꼭 잡은 채 걷는다는 게,1
2258,하얀 눈보다 더 뽀얀 네 볼에,1
2259,다가오는 크리스마스에는,1
2260,기다리는 그 날만큼은,1
2261,네 곁에 있을래,1
2262,하루 종일 미리 미리 약속해,1
2267,느낌이 오잖아,0
2268,떨리고 있잖아,1
2269,언제까지 눈치만 볼 거니,1
2270,네 맘을 말해봐,1
2271,딴청 피우지 말란 말이야,0
2272,네 맘 가는 그대로,1
2273,지금 내 손을 잡아,1
2274,어서 내 손을 잡아,1
2275,우연히 고개를 돌릴 때 마다,0
2276,눈이 마주치는 건,1
2277,며칠 밤 내내 꿈속에 나타나,-1
2278,밤새 나를 괴롭히는 건,-1
2279,그 많은 빈자리 중에서 하필,-1
2280,내 옆자릴 고르는 건,1
2281,나도 모르게 어느새 실없는 웃음,1
2282,흘리고 있다는 건,0
2283,그럼 말 다했지 뭐,0
2284,우리 얘기 좀 할까,1
2285,느낌이 오잖아 떨리고 있잖아,1
2291,핸드폰 진동에,0
2292,심장이 덜컥내려 앉는다는 건,1
2293,오 나도 모르게,1
2294,어느새 짓궂은 네 말투,1
2295,자꾸 듣고 싶은걸,0
2297,저기 멀리 걸어온다,0
2298,눈이 마주친다,1
2299,언제까지 넌 모른척 할거니,0
2300,사랑이 온거야 너와 나 말이야,-1
2301,네가 좋아 정말 못 견딜 만큼,1
2302,그거면 된거야,0
2303,더는 생각하지 말란 말이야,0
2311,그냥 내 손을 잡아,1
2313,눈 감고 찍은 사진,1
2314,장난스런 표정,-1
2315,하나둘 셋 하고서,1
2316,손가락 하트,1
2317,둘이서 연습했던,0
2318,시그니처 포즈,0
2319,꽃받침 속 너와 나,-1
2320,빛나고 있어,1
2321,오늘 뭐해 날씨도 좋은데,1
2322,홍대 가서 커피나 마실래,1
2323,연인들 많은 거리에,1
2324,도란도란 너랑 걷고 싶은데,-1
2325,우리도 예쁜 커플옷 입고,1
2326,같이 데이트할래,0
2335,수줍었던 그대를 만난 지,1
2336,이번 주말 벌써 1년이야,0
2337,기념일마다 약속한,1
2338,사진 들을 많이 갖고 싶어져,1
2339,아직도 너랑 설레고 싶어,-1
2340,우리 데이트할래,1
2349,그대를 사랑했던,1
2350,모든 시간들이,1
2351,하나부터 열까지,1
2352,너무 소중해,-1
2353,우리가 약속했던,1
2354,많은 나날들이,1
2355,사진 속 우리처럼,1
2357,무도회를 뒤집어,1
2358,작은 소란을 또 일으켜,0
2359,등장부터 인사까지 파격적이게,1
2360,우리 살짝 놀아볼까,1
2361,지금부터 시작해 볼게,1
2362,꽃가루를 날려,1
2363,폭죽을 더 크게 터트려,1
2364,우릴 오만과 편견에 가두지 마,-1
2365,자유로워 지금,0
2366,상상해 봐 뭐든지,1
2367,노래를 따라서 저 달빛에 춤을 춰,1
2368,해가 떠올 때까지,1
2369,이제 조금 낯선 다른 차원까지,-1
2370,상상할 수 없던 곳 시간 속,1
2371,예고 없이 등장해,1
2372,이 밤은 멋지고 우린,-1
2373,온 세상 모든 경계를,1
2377,더는 어제와 내일에 가두지 마,1
2382,온 세상이 멈추는 순간,1
2384,어디로 가볼까,1
2388,무얼 믿은 걸까 부족했던 내게서,-1
2389,나조차 못 믿던 내게 여태 머문 사람,1
2390,무얼 봤던 걸까 가진 것도 없던 내게,1
2391,무작정 내 손을 잡아 날 이끈 사람,-1
2393,그대 눈 속에 비친 내 모습,1
2394,이제는 내게서 그댈 비춰줄게,1
2395,궂은 비가 오면,0
2396,세상 가장 큰 그대 우산이 될게,1
2397,그댄 편히 걸어가요,1
2398,걷다가 지치면,1
2399,내가 그대를 안고 어디든 갈게,1
2400,이제 나만 믿어요,1
2401,나만 두고 가던,1
2402,나만 스쳐 간 행운이 모여,1
2403,그대가 되어서 내게 와준 거야,1
2410,나의 마지막 주인공이 되어,-1
2411,다신 누구 앞에서도,0
2412,그대는 고개 숙이지 마요,1
2413,내가 보지 못했던 홀로 고단했던 시간,-1
2414,고맙고 미안해요 사랑해요,-1
2415,이 세상은,1
2416,우리를 두고 오랜 장난을 했고,-1
2417,우린 속지 않은 거야,0
2418,이제 울지 마요,-1
2419,좋을 땐 밤새도록 맘껏 웃어요,-1
2420,전부 그대 꺼니까,1
2421,그대는 걱정 말아요,1
2423,이제야 목적지를 정했지만,1
2424,가려한 날 막아서네 난 갈 길이 먼데,1
2425,새빨간 얼굴로 화를 냈던,1
2426,친구가 생각나네,1
2427,이미 난 발걸음을 떼었지만,-1
2428,가려한 날 재촉하네 걷기도 힘든데,-1
2429,새파랗게 겁에 질려 도망간,1
2430,친구가 뇌에 맴도네,1
2431,건반처럼 생긴 도로 위,0
2432,수많은 동그라미들 모두가,0
2433,멈췄다 굴렀다 말은 잘 들어,0
2434,그건 나도 문제가 아냐,-1
2435,붉은색 푸른색 그 사이,0
2436,3초 그 짧은 시간,0
2437,노란색 빛을 내는,1
2438,저기 저 신호등이,0
2439,내 머릿속을 텅 비워버려,1
2440,내가 빠른지도,1
2441,느린지도 모르겠어,0
2442,그저 눈앞이 샛노랄 뿐이야,1
2443,솔직히 말하자면 차라리,1
2444,운전대를 못 잡던 어릴 때가,0
2445,더 좋았었던 것 같아,0
2446,그땐 함께 온 세상을,1
2447,거닐 친구가 있었으니,1
2449,수많은 조명들이 날 빠르게,1
2450,번갈아 가며 비추고 있지만,0
2451,난 아직 초짜란 말이야,0
2454,노란색 빛을 내는 저기 저 신호등이,1
2459,꼬질꼬질한 사람이나,1
2460,부자 곁엔 아무도 없는,-1
2461,삼색 조명과 이색 칠 위에,0
2462,서 있어 괴롭히지 마,0
2470,꿈에 그리던 그곳 난 여기 있어,0
2471,저 푸른 바다 위로 널 닮은 하늘,-1
2472,드넓은 공원 안에 널 담은 향기,1
2473,가는 모든 곳마다 난 네가 보여,1
2474,나지막한 소리가 들려와,1
2475,수많은 별들 사이 너에게,-1
2476,세상 누구보다 널 사랑해,1
2477,모든 힘 다해 너를 불러,-1
2478,널 만나고 난 변했어,1
2481,"셰익스피어, 처칠, 비틀즈, 숀 코네리",-1
2482,"해리포터, 데이비드 베컴 모든 게 있어",1
2483,행복은 너와 함께 즐기는 거야,-1
2484,내 모든 걸 다 줘도 아깝지 않아,1
2492,널 만나고 내가 변했다,1
2498,이건 바로 사랑과전쟁,1
2499,맘을 열어라,1
2500,고개를 들어라,0
2501,몸을 데워라,0
2502,가서 조져라,0
2503,니가 뭘 알어,0
2504,니가 뭐를 알어,0
2505,내가 움직이기 시작하면,1
2506,전부 입 닫어,1
2507,다시 벌어지게 될거니까,0
2508,니 눈 코입 어깨 발 무릎 발,1
2515,나 운율의 시라소니 마누라,1
2516,관자놀이 를 밝히는 아우라,1
2517,허리 밑에 손들은 잿가루가 될 테니,1
2518,위로 들어 흔들어 다 나와 놀아,-1
2519,다같이 나눠 가져 지금의 짜릿함,1
2520,모두가 하나되는 아릿다움 ( ) 담,1
2521,자 이제부터 미래가 시작된 다음,0
2522,펼쳐져 갇혀 있던 너의 속마음,-1
2526,전부 입닫어,1
2530,모르면 외워,0
2531,생각따위 집어쳐,0
2532,세상을 움직이는 매직,1
2538,이미 넌 나를 벗어날 수가 없어,1
2539,터뜨리고 싶은 너,-1
2540,설렘이 멎기 전에,1
2541,가슴이 뛰는 이 느낌,1
2542,너무 잘 보여 아무리 숨겨도,-1
2543,이미 들킨 걸 자꾸 둥둥 떠다니잖아,0
2546,끝도 없이 점점 부풀어 가,-1
2547,내게 푹 빠진 너를 애써 참진 마,-1
2548,내가 터뜨려 줄 테니,1
2551,보고 싶다,0
2552,이렇게 말하니까 더 보고 싶다,0
2553,너희 사진을 보고 있어도,-1
2555,너무 야속한 시간,-1
2556,나는 우리가 밉다,1
2557,이젠 얼굴 한번 보는 것 조차,0
2558,힘들어진 우리가,1
2559,여긴 온통 겨울 뿐이야,-1
2560,8월에도 겨울이 와,-1
2561,마음은 시간을 달려가네,1
2562,홀로 남은 설국열차,-1
2563,니 손 잡고 지구 반대편까지 가,1
2564,겨울을 끝내고파,-1
2565,그리움들이 얼마나,-1
2566,눈처럼 내려야 그 봄날이 올까,1
2567,허공을 떠도는,-1
2568,작은 먼지처럼 작은 먼지처럼,-1
2569,날리는 눈이 나라면,1
2570,조금 더 빨리,0
2571,네게 닿을 수 있을 텐데,1
2572,눈꽃이 떨어져요,1
2573,또 조금씩 멀어져요,0
2574,보고 싶다 보고 싶다,0
2576,얼마나 기다려야,1
2577,또 몇 밤을 더 새워야,-1
2578,널 보게 될까 널 보게 될까,0
2579,만나게 될까 만나게 될까,1
2580,추운 겨울 끝을 지나,-1
2581,다시 봄날이 올 때까지,1
2582,꽃 피울 때까지,-1
2583,그곳에 좀 더 머물러줘,0
2585,니가 변한 건지,0
2587,아니면 내가 변한 건지,1
2588,내가 변한 건지,1
2589,이 순간 흐르는 시간조차 미워,1
2590,우리가 변한 거지 뭐,-1
2591,모두가 그런 거지 뭐,-1
2592,그래 밉다 니가 넌 떠났지만,0
2593,단 하루도 너를,-1
2594,잊은 적이 없었지 난,0
2595,솔직히 보고 싶은데,1
2596,이만 너를 지울게,-1
2597,그게 널 원망하기보단,-1
2598,덜 아프니까,0
2599,시린 널 불어내 본다,1
2600,연기처럼 하얀 연기처럼,-1
2601,말로는 지운다 해도,1
2602,사실 난 아직 널 보내지 못하는데,1
2611,아침은 다시 올 거야,0
2612,어떤 어둠도 어떤 계절도,-1
2613,영원할 순 없으니까,1
2614,벚꽃이 피나봐요,1
2615,이 겨울도 끝이 나요,-1
2618,조금만 기다리면,0
2619,며칠 밤만 더 새우면,-1
2620,만나러 갈게 만나러 갈게,1
2621,데리러 갈게 데리러 갈게,1
2627,나도 한때는 그이의 손을 잡고,1
2628,내가 온 세상 주인공이 된 듯,1
2629,꽃송이의 꽃잎 하나하나까지,1
2630,모두 날 위해 피어났지,1
2631,올림픽대로 뚝섬 유원지,0
2632,서촌 골목골목 예쁜 식당,0
2633,나를 휘청거리게 만든,1
2634,주옥같은 대사들,0
2635,다시 누군가 사랑할 수 있을까,1
2636,예쁘다는 말 들을 수 있을까,0
2637,하루 단 하루만 기회가 온다면,0
2638,죽을힘을 다해 빛나리,1
2639,언제부턴가 급격하게,0
2640,단조로 바뀌던 배경음악,1
2641,조명이 꺼진 세트장에,0
2642,혼자 남겨진 나는,-1
2643,단역을 맡은 그냥 평범한 여자,0
2644,꽃도 하늘도 한강도 거짓말,-1
2645,나의 드라마는 또 이렇게 끝나,-1
2646,나왔는지조차 모르게,1
2647,끝났는지조차 모르게,-1
2648,시작부터 다른 너와 나,-1
2650,아끼지 않고 다,0
2651,쏟아내고는 주저앉아,1
2652,문득 어느 순간,1
2653,지친 내가 보여,1
2654,애쓰고 있지만,0
2655,밀어내 봐도,1
2656,난 너를 못 이겨,-1
2657,날 버리고,1
2658,날 잃을수록,-1
2659,넌 반짝이는 아이러니,1
2660,기대지 마,-1
2661,기대하지도 마,-1
2662,몇 번을 되뇌고 되놰도,0
2663,그 손길 한 번에,1
2664,무너지는 날 볼 때,-1
2665,네 기분은 어때,1
2666,늘 처음인 것처럼,0
2667,서툴러서 또 상처가 나,-1
2668,무뎌지기 전에,0
2669,아물기도 전에,1
2670,잔뜩 헤집어놔,0
2676,식은 온기,0
2677,부서진 맘이,1
2678,자꾸 날 할퀴어,1
2679,아파도 못 멈춰,-1
2680,달이 익어가니 서둘러 젊은 피야,-1
2681,민들레 한 송이 들고,0
2682,사랑이 어지러이 떠다니는 밤이야,-1
2683,날아가 사뿐히 이루렴,1
2684,팽팽한 어둠 사이로,-1
2685,떠오르는 기분,1
2686,이 거대한 무중력에 혹 휘청해도,1
2687,두렵진 않을 거야,0
2688,푸르른 우리 위로,-1
2689,바람을 세로질러,1
2690,다시 마주하기 어려운 행운이야,1
2691,온몸에 심장이 뛰어,1
2692,너와 길 잃을 수 있다면,-1
2693,맞잡은 서로의 손으로,1
2694,출입구를 허문,1
2695,이 무한함의 끝과 끝 또 위아래로,-1
2696,비행을 떠날 거야,1
2699,놀라워 이보다,1
2700,꿈같은 순간이 또 있을까 (더 있을까),1
2701,아마도 우리가 처음 발견한,1
2702,"오늘 이 밤의 모든 것, 그 위로 날아",-1
2705,오늘 하루 어땠었나요,1
2706,많이 힘들었나요,1
2707,쉬지 않고 달려왔던 길에서,0
2708,나와 함께 쉬어가요,1
2709,그냥 아무런 준비도 없이,-1
2711,평범해도 좋으니까,1
2712,우리 함께 가요,1
2713,행복 가득 담은 배낭 하나 메고서,1
2714,답답했던 일상과 도심을 벗어나,-1
2716,힘껏 살다 보니 무뎌져,0
2717,헝클어진 머리도,0
2718,괜찮다며 그댈 안아줄 사람,1
2719,바로 그대 곁에 있죠,1
2720,까만 선글라스 하나 챙겨서,1
2734,지금 떠나요,1
2735,하늘에선 마침 눈이 내려,1
2736,뭔가 잘 될 것 같은 예감,0
2737,하얀 거리마다,1
2738,행복해 보이는 연인들,1
2739,니 맘은 어떤지 내 맘과 같은지,1
2740,우리 시작해볼까,1
2741,오늘은 괜찮을까요,1
2742,내 맘이 전해질까요,1
2743,내리는 하얀 눈처럼,1
2744,너에게 닿을까요,-1
2745,숨겨왔던 내 맘 전부 고백할게요,1
2746,바로 오늘 크리스마스이니까,1
2747,사실 그대도,1
2748,조금은 기댈 했잖아요,0
2749,못 이기는 척 웃는 너,-1
2750,그런 니가 사랑스러워,1
2756,바로 오늘 크리스마스,1
2757,많은 사람들 속에,0
2758,너만 내 눈에 보여,-1
2759,의상 좋고 머리도 괜찮고,0
2760,얼굴 상태 나쁘지 않아,1
2761,오늘만 기다렸단 말야,1
2762,눈치껏 눈도 내린단 말야,1
2763,또박또박 연습한 멘트,0
2764,뚜벅뚜벅 걷는 발걸음이,1
2765,벌써 네 앞에 도착했어,1
2766,올해 크리스마스 선물은 나야,1
2767,귀요미 루돌프 남,0
2768,오늘이야 메리 크리스마스,1
2769,조금만 더 용길 낼게,0
2770,이 순간이 지나버리면,1
2771,널 놓칠지 몰라,0
2772,진심이 더 진심처럼 느껴지는 게,0
2774,너와 나 영원히,-1
2775,어둠만이 나의 전부였던 동안,-1
2776,숨이 벅차도록 달려왔잖아,1
2777,경계의 끝자락,-1
2778,내 끝은 아니니까,-1
2779,울타리 밖에 일렁이는 무언가,-1
2780,그 아무도 모르는 별일지 몰라,-1
2781,벅찬 맘으로 이 궤도를 벗어나,1
2782,새로운 길의 탐험가,1
2783,껍질을 깨뜨려버리자,0
2784,두려움은 이제 거둬,-1
2785,오로지 나를 믿어,1
2786,"두 눈 앞의 끝, 사뿐 넘어가",-1
2787,녹이 슨 심장에 쉼 없이 피는 꿈,-1
2788,무모하대도 믿어 난,-1
2789,누구도 본 적 없는 낯선 우주 속에,-1
2790,답답한 가슴 안에,-1
2791,불꽃을 피워낼래,1
2792,곧 잡힐 듯이 반짝이던 무언가,1
2793,꼭 달릴수록 멀어져도 난 좋아,1
2794,여정은 이미 시작된 지 오래야,-1
2795,끝이라 생각한 순간,-1
2796,넓은 세상이 날 감싸 안아,1
2797,때로는 느릿해도,1
2798,가끔은 지친대도,0
2802,누가 뭐래도 믿어 난,1
2803,구름 너머 세상을 내 품에 안을래,-1
2807,나의 여정을 믿어 난,-1
2808,별들이 짙던 밤 하늘에 약속한 고백,-1
2809,아직도 맘에,1
2810,당연하듯 남아 있어요,1
2811,어제 일같이 선명하네요,1
2812,가슴 저리는 게 사랑이 아니라,1
2813,"그 누가 뭐라던가, 오",0
2814,심장이 뛰는데 아프게 뛰는데,1
2815,이게 사랑인 거야,1
2816,운명 같은 밤 너를 만나,-1
2817,영원하자고 외쳤던 그 밤,-1
2818,네가 날 잊어도,1
2819,난 널 꺼내 볼 테니까 언제나,1
2820,내 맘속 사진첩 한 켠엔 그대가 있지,1
2821,참 행복했지 때론 아픈 날이 있어도,-1
2822,버릴 수 없는 추억이 됐지,0
2835,한 장씩 널 기억하며 보낼게,0
2836,우리 모든 순간 가슴 떨리던 날,1
2837,모든 날이 따스하게 감싸준,1
2838,널 사랑했다,1
2840,셀 수 없이 많은 날 함께 했지,1
2841,사랑했어요 아주 많이,1
2842,사진첩 속의 그대여,1
2843,영원히 기억할게 시간이 지나도,1
2845,나는 나에게,1
2846,길 들여지길 바래요,0
2847,그동안 그댈 너무 많이,-1
2848,닮아 있었나 봐요,1
2849,지워질 때도 됐는데,0
2850,그댄 또 누군가에게 길들었나요,1
2851,혹시 그 사람,0
2852,예전 나완 많이 틀린가 봐요,1
2853,그래서 그대는 날 잊고 사는지,1
2854,내 아름다운 사람아,1
2855,여전히 나는 니 모습인데,1
2856,또 다른 사랑 배워갈 그대 가슴에,1
2857,내 작은 기억 하나만,1
2858,내 눈물 나는 사랑아,-1
2859,같은 아픔에 머물 수 있게,0
2860,다른 이별에 울어도,-1
2861,내 품 안에서,1
2862,그 마음 아물게 해요,1
2863,내가 아닌 그대 행복한가요,1
2864,혹시나 내 이름 벌써 잊었나요,1
2867,또 다른 사랑 배워갈,1
2868,그대 가슴에,1
2882,내가 슬플 때마다,1
2883,이 노래가 찾아와,1
2884,세상이 둥근 것처럼 우린 동글동글,1
2885,인생은 회전목마,0
2886,우린 매일 달려가,1
2887,언제쯤 끝나 난 잘 몰라,-1
2888,"어머, 벌써 정신없이 달려왔어",1
2889,어렸을 때처럼 바뀌지 않는 걸,0
2890,찾아 나섰단 말야 왜냐면 그때가 더 좋았어 난,1
2891,승호가 좋았을 때처럼만,0
2894,세상이 둥근 것처럼 우리,1
2898,빙빙 돌아가는 회전목마처럼,0
2899,영원히 계속될 것처럼,1
2900,빙빙 돌아올 우리의 시간처럼,1
2902,어머 벌써 정신없이 달려왔어,1
2903,청춘까지 뺏은 현재,-1
2904,탓할 곳은 어디 없네,1
2905,그게 말로 하고 싶어도 어려웠어,1
2906,가끔은 어렸을 때로 돌아가,0
2907,불가능하단 건 나도 잘 알아,1
2908,그 순간만 고칠 수 있다면,1
2909,지금의 나는 더 나았을까,1
2910,달려가는 미터기 돈은 올라가,0
2911,기사님과 어색하게 눈이 맞아,-1
2912,창문을 열어보지만 기분은 좋아지지 않아,1
2913,그래서 손을 밖으로 쭉 뻗어 쭉 뻗어,1
2914,흔들리는 택시는 어느새,1
2915,목적지에 도달했다고 해,1
2916,방 하나 있는 내 집 안의,1
2917,손에 있던 짐들은,1
2918,내가 힘들 때마다,1
2922,우린 계속 달려가,0
2923,언제쯤 끝날지 잘 몰라,-1
2928,사실 얼마나 많이,1
2930,정신없이 돌아서,1
2931,어딜 봐야 할지 모르겠어,0
2932,들리나요 여길 보란 말이,1
2941,부지런히 지나온,1
2942,어제들 속에,0
2943,참 아름답게,1
2944,그날을 향해,1
2945,숨이 벅차게,1
2946,다들 언제부턴가,0
2947,말하네 우릴 최고라고,1
2948,이젠 무겁기만 해,1
2949,노래가 좋았다고,1
2950,그저 달릴 뿐이라고,0
2951,너의 마음속 깊은 어딘가,-1
2952,여전한 소년이 있어,1
2953,"(당신은 꿈꾸는가, 그 길의 끝은 무엇일까)",-1
2954,"(모두가 숨죽인 밤, 우린 발을 멈추지 않아)",-1
2955,언젠가부터 붙은 불편한 수식어,-1
2956,최고란 말은 아직까지 낯간지러워,1
2957,난 난 말야 걍 음악이 좋은 걸,1
2958,여전히 그때와 다른 게 별로 없는걸,1
2959,아마 다른 게 별로 없다면,1
2960,난 변화는 많았지만,0
2961,변함은 없었다 해,1
2962,매 순간이 새로운 최선,1
2963,지금 난 마치 열세 살,0
2964,그때의 나처럼 뱉어,1
2965,아직도 배울 게 많고,-1
2966,나의 인생 채울 게 많아,-1
2967,그 이유를 물어본다면,0
2968,내 심장이 말하잖아,1
2969,"왕관과 꽃, 수많은 트로피",1
2970,긴긴 원을 돌아 결국 또 제자리,0
2975,눈부시게 지나온,1
2976,기억들 속에,0
2979,더 우리답게,1
2980,절대적 룰을 지켜,-1
2981,내 손을 놓지 말아,1
2982,결속은 나의 무기,1
2983,광야로 걸어가,0
2984,위협에 맞서서,0
2985,제껴라 제껴라 제껴라,0
2986,유혹은 깊고 진해,1
2987,맞잡은 손을 놓쳐,1
2988,난 절대 포기 못해,-1
2989,저 너머의 문을 열어,-1
2990,널 결국엔 내가 부셔,1
2992,적대적인 고난과 슬픔은,-1
2993,감정들을 배운 다음,1
2994,감당할 수 없는 절망도,-1
2995,내 믿음을 깨지 못해,1
2996,더 아픈 시련을 맞아도,-1
2997,절대로 뒤를 돌아보지 말아,-1
2998,광야의 것 탐내지 말아,1
2999,약속이 깨지면,1
3000,모두 걷잡을 수 없게 돼,1
3001,언제부턴가 불안해져 가는 신호,-1
3002,널 파괴하고 말 거야,0
3003,중심을 잃고 목소리도 잃고 비난받고,-1
3004,사람들과 멀어지는 착각 속에,0
3005,결국 난 문을 열어,0
3006,난 궁금해 미치겠어,1
3010,더 강해져 자유롭게,1
3011,난 광야의 내가 아냐,1
3012,야수 같은 나를 느껴,1
3014,하얀 머리 뽑아 달라며,1
3015,한 개 백 원이라던,0
3016,그 시절 다 지나가고,1
3017,이젠 흰 눈만 남았네,1
3018,그렇게도 힘이 드냐며,0
3019,나를 위로하시다,-1
3020,어느새 잠들어버린,1
3021,주름만 남은 내 아버지,1
3022,세상이 아무리 힘들어도,-1
3023,당신 있으면 견딜 것 같아,1
3024,오래오래 날 지키며,-1
3025,그냥 곁에만 있어 주세요,1
3026,활짝 웃는 모습이 어린애 같아 보여도,1
3027,아프다 말도 못 하는 사람,0
3028,이제는 내가 지켜줄게,1
3029,어린아이로 돌아가 버린,1
3030,사랑하는 내 아버지,1
3033,활짝 웃는 모습이,1
3034,어린애 같아 보여도,0
3039,사랑해요 내 아버지,1
3040,이 노래를 들어요 내 맘을 들어요,1
3041,이제 두 번 다시,0
3042,그대를 만날 수 없겠죠,1
3043,아직 그대를,1
3044,사랑하는 내 맘 보일까 봐,1
3045,대신 이 노래를 전해요,1
3046,사랑을 보내요,1
3047,네 생각 나서,1
3048,한잔 술에 깊어지는 이 맘,-1
3049,아직 도 궁금해,1
3050,이 노랜 네가 듣지 않기를,1
3051,전부 비워야 될 아픈 추억들,-1
3052,애틋하잖아 이별이 없던 것처럼,-1
3053,예전같이 널 안고 싶어,1
3054,(아파 더이상 이러면 안돼,-1
3055,자꾸 네소식 보이잖아),1
3056,후회할까 봐서 그래,-1
3057,다시 내게 돌아와 줘,1
3059,이제 두번 다시,0
3062,사랑하는 내 맘 보일까봐,1
3065,그대 전화기 너머로,-1
3066,이 노랠 듣고 있죠,0
3067,어쩌면 나에게 전하는,1
3068,마지막 인산 가요,-1
3069,010 4105 6739 지워야 될 번호,0
3070,몇 번을 눌러봐도 소용없어,0
3071,듣지 못해 이젠,1
3072,잘 지내 그 흔한 말도,1
3073,한동안 나에게 이 노래가 아프겠죠,1
3074,내 가슴 깊이 남겨질 상처가 되어,-1
3075,그대 나를 잊어요 전화를 끊어요,1
3076,내가 그댈 먼저 보내야,1
3077,다 끝이 나겠죠,-1
3078,그대 목소리 듣게 되면,1
3079,나 흔들릴까 봐,1
3089,안녕이라는 말은 하지 마,-1
3090,마음이 무너지잖아,-1
3091,슬퍼도 괜찮은 척 했었어,0
3092,웃으며 널 보고 싶었어,0
3093,넌 이제 아무렇지 않나봐,-1
3094,모든 걸 다 잊었나봐,1
3095,사랑했던 시간은 그대론데,1
3096,나만 아직 그 자리야,1
3097,추억 때문에 자꾸 눈물이 흐르고,-1
3098,친구들은 이제 그만,1
3099,너를 보내주라는데,-1
3100,아직 널 보면 가슴이 떨려오는데,1
3101,내가 어떻게 널 잊고,1
3102,다시 웃을 수 있겠니 어떻게..,0
3103,오랜만이라 어색할까봐,-1
3104,더 웃어주고 싶지만,1
3105,마음이 고장 나서 안 되나봐,1
3106,바보처럼 수백 번 연습했는데,-1
3113,사랑해서 보내준단 말,1
3114,다 거짓말이잖아,-1
3115,그 말 난 믿을 수 없어 떠나가지마,1
3116,내 사랑 안녕 이제는 널 보낼 게,-1
3117,잡고 있던 네 손을 놓을게,1
3118,보고 싶을거야,0
3119,행복하기를 영원히 기억할거야,1
3120,많이 사랑했어 너를 만난 그 시절,-1
3121,봄날은 너 였어,-1
3122,싸가지 없는 무대의 못된 범인의 눈빛,1
3123,글러 먹은 너의 감 모두 나를 위한 밥,-1
3124,아차 하고 쓰다듬은 다쳐 이건 어쩜 범,0
3125,공포에는 덤덤,0
3126,나쁜 놈에겐 월월,1
3127,아직 읽지 않은 연락들은 앞으로도 읽지 않을 거니,0
3128,헛된 희망들은 저기 버려두길,0
3129,어쩌면 너도 나와 같은 꿈 꿀까,-1
3130,매일 마주 보며 눈뜨는 하루,1
3131,늦은 밤 헤어지긴 너무 아쉬워,-1
3132,널 많이 사랑하나 봐,1
3133,유난히 날씨가 좋은 날,1
3134,넌 나를 설레이게 해,1
3135,영화 속에서만 보던 일들이,0
3136,요즘 내 일상인 듯해,1
3141,오늘 너에게 고백하겠어,-1
3142,취해서 하는 말이 아냐,-1
3143,참아온 진심인 거야,-1
3144,하루 종일 아무것도 안 해도,-1
3145,너랑 있는 게 젤 좋아,-1
3146,달빛도 하늘 아래 우리를 비추고,1
3147,온 세상이 모두 잠든 것 같아,1
3150,네가 살아가는 순간에,1
3151,그 모든 순간에 내가 있음 해,1
3152,고마워 내 인생에 나타나줘서,1
3153,이렇게 날 안아줘서,1
3155,너무 걱정하지는 마,-1
3156,보란 듯이 살아 볼 거야,1
3157,후회는 사치일 뿐이야,-1
3158,다시 시작해 볼게,1
3159,나 어제 또 울었어,-1
3160,나 어제 또 슬펐어,1
3161,왜 이런 바보를 사랑한 거니,-1
3162,네 마음이 예뻐서,1
3163,네 사랑이 고마워,1
3164,이젠 네 손을 잡고,1
3165,다시 태어날 거야,1
3166,바보도 사랑합니다,-1
3167,보내주신 이 사람,1
3168,이제 다시는 울지 않을 겁니다,-1
3169,나 이제 목숨을 걸고,-1
3170,세상 아픔에서 지켜낼게요,1
3171,이 사람을 사랑합니다,1
3172,널 위한다는 그 이유로,0
3173,너를 보낼 뻔했어,-1
3174,나 그렇게 바보야,-1
3175,넌 내 사랑 바보고,-1
3176,서로를 많이도 울게 했었지,-1
3177,네 사랑이 없다면,1
3178,널 만날 수 없다면,1
3179,아마 나는 평생을 후회하며 살 거야,-1
3185,이 사람을,0
3186,널 위해 노력해 볼게,1
3187,널 위해 살아갈게,1
3188,나약한 마음 따윈 모두 버릴게,1
3189,우리의 사랑을 위해,1
3190,너의 손을 잡고 놓지 않을게,-1
3191,사랑하는 내 사랑 바보야,-1
